caseid,V1,V2,V3,ke0,EC50,gamma
1369,0.6930805444717407,0.683268129825592,0.6968600749969482,-0.6962726712226868,0.6995238065719604,0.688744068145752
2012,0.6970989108085632,0.6982504725456238,0.5711451172828674,-0.698223888874054,0.6338849663734436,0.6994870901107788
2602,0.05289085581898689,0.06503056734800339,-0.3713494837284088,0.27262386679649353,-0.29270249605178833,0.5913487672805786
3176,0.6277490854263306,-0.6967887878417969,-0.3301878571510315,0.26295799016952515,-0.6482994556427002,-0.38840651512145996
3015,-0.00978940725326538,0.6133858561515808,0.6984736919403076,-0.1078968271613121,0.6954250931739807,0.6540964245796204
3648,0.4545972943305969,-0.5986472368240356,-0.6997448801994324,-0.4790228307247162,-0.696986198425293,-0.5471112132072449
3529,0.06732924282550812,0.33960217237472534,0.3978508412837982,0.4136202335357666,0.40279093384742737,0.61789870262146
6180,0.39226555824279785,0.28448209166526794,0.6178324222564697,-0.08074067533016205,0.6624132394790649,0.5796329975128174
1585,0.6985151171684265,0.6755228042602539,0.6747140884399414,-0.6900043487548828,0.6916726231575012,0.6992312073707581
2058,0.6996488571166992,0.0564466156065464,-0.6990758776664734,-0.6974068880081177,-0.6676757335662842,0.4587395489215851
6027,-0.15315333008766174,-0.4668448269367218,-0.2047998309135437,0.041461870074272156,-0.24428783357143402,0.28993698954582214
1028,0.6806409955024719,0.6925116777420044,0.5045121312141418,-0.6870947480201721,0.6682283878326416,0.6998262405395508
2299,0.4547695517539978,0.5286149382591248,0.6983165144920349,-0.6284661889076233,0.6445760726928711,0.6999906301498413
6029,0.6997030973434448,0.6999862194061279,0.659128725528717,-0.693640410900116,0.6831509470939636,0.6999977231025696
6262,0.5471579432487488,0.6717004179954529,0.6256660223007202,-0.4994690716266632,0.6755364537239075,0.6959965229034424
4581,0.698213517665863,0.6615210771560669,0.1452331691980362,-0.5928671360015869,0.5445882678031921,0.672176718711853
2128,0.6452638506889343,0.6551597118377686,0.6500633955001831,-0.4743046760559082,0.6758324503898621,0.6751437783241272
4844,0.33120256662368774,-0.5624381899833679,-0.24126818776130676,-0.5237735509872437,-0.5872802734375,0.695146918296814
1994,0.6843119859695435,0.6938154697418213,-0.011688983999192715,-0.40508633852005005,0.3270321190357208,0.43167632818222046
2218,0.6999998688697815,0.6999070644378662,-0.2666104733943939,-0.699998676776886,0.6607809066772461,0.6999998092651367
5185,0.20357276499271393,-0.6537848711013794,-0.611952006816864,-0.38298845291137695,-0.6288327574729919,0.6796186566352844
5453,0.6998761296272278,0.470073938369751,-0.6999999284744263,-0.6994773745536804,-0.6999559998512268,-0.6973865628242493
2365,0.5041057467460632,0.47689923644065857,0.5140780210494995,-0.37278854846954346,0.5334015488624573,0.6842297911643982
2157,0.2426954209804535,-0.47601041197776794,0.33898815512657166,-0.474417507648468,-0.2912030518054962,0.4917362332344055
2196,0.5498066544532776,0.6542794108390808,0.6661777496337891,-0.4267289936542511,0.6328730583190918,0.6820878386497498
1498,0.6993134021759033,0.6972237825393677,0.4714663028717041,-0.6954529881477356,0.504542887210846,0.395015150308609
3980,-0.4383086562156677,-0.4918821156024933,-0.648160457611084,0.29954129457473755,-0.5732592940330505,-0.4406234622001648
4673,-0.6430785655975342,-0.6521839499473572,0.6994094848632812,-0.4638860523700714,0.6540369987487793,0.6998885273933411
203,0.5044766068458557,0.3711167871952057,0.6918688416481018,-0.1478174328804016,0.6569461226463318,0.6987568736076355
3249,0.6302157640457153,0.6887363195419312,0.5492979288101196,0.5405134558677673,0.6175372004508972,0.699759304523468
4449,0.5946515202522278,0.5823226571083069,-0.12702946364879608,-0.6242978572845459,-0.1089833602309227,0.6992607116699219
1365,0.5995417237281799,0.6435797810554504,0.6337599754333496,-0.2016049474477768,0.618287205696106,0.6960718035697937
2607,0.2934727370738983,0.4558529257774353,0.690815269947052,-0.535595715045929,0.672399640083313,0.6992082595825195
2428,0.540156900882721,0.6717272996902466,0.6998887062072754,-0.541074812412262,0.6995528936386108,0.6989283561706543
3359,0.6448245644569397,0.5647071599960327,0.03911030292510986,-0.5565348267555237,0.3786699175834656,0.6922334432601929
3413,0.6631142497062683,0.5310713052749634,0.24217644333839417,-0.507107138633728,0.3383588492870331,0.6953216195106506
4237,0.34846383333206177,-0.23112334311008453,-0.09662815928459167,-0.1980852335691452,-0.11157260835170746,0.5985277891159058
3050,0.6966970562934875,-0.3399438261985779,-0.21905435621738434,-0.6728467345237732,-0.2590443193912506,0.6970728635787964
590,0.12838762998580933,-0.4275590777397156,-0.3621298372745514,-0.09834663569927216,-0.08244079351425171,0.17208196222782135
2895,0.15471160411834717,-0.22308307886123657,-0.1702568233013153,-0.34213075041770935,-0.1709621548652649,0.554077684879303
1043,0.6776800751686096,-0.6910070776939392,0.03823915868997574,-0.24448634684085846,-0.4704519212245941,-0.6507802605628967
4903,0.6772838830947876,0.4966181218624115,-0.4711320102214813,-0.5777876377105713,-0.46887457370758057,0.6993281245231628
2148,0.0012706901179626584,0.2887350618839264,0.6758953332901001,0.2810206413269043,0.613707423210144,0.6605117321014404
1339,0.3027638792991638,0.061299316585063934,0.248638316988945,0.02814776636660099,-0.027814319357275963,0.6998420357704163
1283,0.6948961615562439,0.6582608819007874,0.13290409743785858,-0.6923874020576477,0.652426540851593,0.6976311206817627
3681,0.5608484745025635,0.5834974646568298,0.4751884639263153,-0.022779181599617004,0.5903181433677673,0.6928361058235168
781,0.5119602680206299,0.564957857131958,0.4488148093223572,-0.26091229915618896,0.5982649326324463,0.6930366158485413
2900,0.14058639109134674,-0.6305926442146301,-0.03729279711842537,0.17518293857574463,-0.4713778793811798,0.698597252368927
2839,0.5740249156951904,0.1850067377090454,0.2612467110157013,-0.03651520237326622,0.2663837969303131,0.6995572447776794
137,0.4969794750213623,0.20541872084140778,0.5901685357093811,-0.27885767817497253,0.288331001996994,0.6879974603652954
1034,-0.2809057831764221,0.03510087728500366,0.18699654936790466,0.5028954148292542,0.35924801230430603,0.0692020058631897
3611,-0.18233835697174072,0.6845507621765137,0.6999999284744263,-0.20119573175907135,0.6999791860580444,0.6999995708465576
3407,0.40305855870246887,0.5546343326568604,0.6340977549552917,-0.42425423860549927,0.6450121402740479,0.6919307112693787
4195,0.6996772289276123,-0.6783721446990967,-0.6472803354263306,0.34391215443611145,-0.6977646350860596,0.6986939907073975
4000,0.5993518233299255,0.5298382639884949,0.6822811961174011,-0.5932241678237915,0.6793471574783325,0.6927787065505981
364,0.699126124382019,0.5228732228279114,-0.42306211590766907,-0.6944505572319031,-0.3612388074398041,0.6997901201248169
1232,0.4138142466545105,-0.6930665373802185,-0.4692060947418213,-0.5088772773742676,-0.6445199847221375,0.6980353593826294
5270,0.6961426138877869,0.6757169961929321,0.025267163291573524,-0.6230508685112,0.1326550394296646,0.6999998092651367
3296,0.31249839067459106,0.05643706023693085,0.6604026556015015,-0.056279510259628296,0.5274634957313538,0.696712076663971
3569,0.6999973654747009,-0.6829691529273987,-0.6999995708465576,-0.699141800403595,-0.699980616569519,-0.6999582052230835
1933,0.633587121963501,0.6959998607635498,0.677426815032959,0.3197023272514343,0.6820087432861328,0.6998396515846252
1834,0.6999828219413757,0.6999043226242065,-0.6999997496604919,-0.6999326348304749,-0.694418728351593,-0.5806023478507996
3476,0.6999969482421875,0.6998893022537231,-0.34847238659858704,-0.6178225874900818,0.5885896682739258,0.25584089756011963
3216,0.6205971240997314,0.0841793343424797,0.28579020500183105,-0.5862047076225281,0.42418181896209717,0.6970800757408142
5394,0.498343825340271,0.0011101254494860768,-0.062365733087062836,-0.5448350310325623,-0.10576659440994263,0.6992985606193542
5179,0.6798726916313171,0.5994860529899597,0.6945061087608337,0.0034479349851608276,0.6707912087440491,0.6996836066246033
2174,0.05516163259744644,0.4790877103805542,0.6984690427780151,0.5258415341377258,0.6839922666549683,0.6937837600708008
4929,0.4703877568244934,-0.46744269132614136,-0.1469084918498993,-0.3678942918777466,-0.23600099980831146,0.6104494333267212
4279,-0.6577773690223694,-0.14906245470046997,-0.18354807794094086,0.45676857233047485,0.2858964204788208,0.6029547452926636
2597,0.6997832655906677,0.6978914737701416,0.6553430557250977,-0.695900022983551,0.6806876063346863,0.6999998092651367
2779,-0.34972289204597473,0.07042498141527176,0.6358228325843811,0.6080127954483032,0.501045823097229,0.6781328916549683
6359,0.6931982040405273,-0.6999194025993347,-0.69939786195755,-0.6931861042976379,-0.6998613476753235,0.6999999284744263
1032,0.6868119835853577,0.6199837923049927,0.41899874806404114,-0.6737467050552368,0.4811224937438965,0.6958324313163757
6210,0.6987408995628357,0.6174303889274597,0.21238070726394653,-0.6781429052352905,0.5740864872932434,0.6997405290603638
6293,0.43662533164024353,0.5449687838554382,0.596451461315155,-0.29854270815849304,0.5622637867927551,0.6841194033622742
5230,0.6844910979270935,0.6567932367324829,0.3020714521408081,-0.6980583071708679,0.5733224153518677,0.6998429298400879
1753,0.6999881267547607,0.5880693197250366,-0.6918612718582153,-0.6977194547653198,-0.6327086687088013,0.6999773383140564
4941,0.3984127342700958,0.5509994626045227,0.6970853805541992,-0.6681870818138123,0.6951621174812317,0.6997138261795044
2613,0.6999998688697815,0.6999989151954651,-0.6989039182662964,-0.6999998688697815,-0.26647037267684937,0.6998186111450195
4818,0.45574724674224854,0.6997720003128052,0.6925686001777649,0.4046943783760071,0.6908681392669678,0.6996207237243652
1613,0.6733533143997192,0.6855791807174683,0.6441344022750854,-0.694202721118927,0.6794336438179016,0.6989920735359192
4790,0.6996881365776062,0.6689041256904602,0.627802848815918,-0.6998873949050903,0.6389298439025879,0.6999820470809937
1826,0.2851827144622803,-0.39984965324401855,-0.6412473320960999,-0.46232447028160095,-0.6289138197898865,0.040920987725257874
1689,-0.5037724375724792,0.26320120692253113,0.6999993920326233,0.37867340445518494,0.6997168064117432,0.6999922394752502
4857,0.00854092463850975,0.6740500926971436,0.6999962329864502,-0.6474446058273315,0.6999490857124329,0.6999946236610413
5296,0.25020527839660645,-0.6235835552215576,-0.5231418609619141,-0.30492591857910156,-0.5704302787780762,0.6714587211608887
2678,0.14691324532032013,-0.6907952427864075,-0.6735557913780212,-0.4616222083568573,-0.6802355051040649,0.6731546521186829
6042,0.6441357135772705,0.4806712865829468,0.4156324565410614,-0.6735857129096985,0.4091198444366455,0.6993470788002014
222,-0.2519666254520416,0.32729530334472656,0.6115038394927979,0.6920159459114075,0.5002903938293457,0.696963369846344
4433,0.6999999284744263,0.6999999284744263,0.6571550369262695,-0.6999948024749756,0.6965238451957703,0.6999999284744263
3435,0.6999244093894958,0.6648660898208618,-0.6608451008796692,-0.6991767287254333,-0.5620149374008179,0.6964861154556274
2002,0.6886469721794128,0.6505820751190186,0.6886652708053589,-0.40503910183906555,0.6891118288040161,0.6981700658798218
3678,0.6816256642341614,0.6820646524429321,-0.14563800394535065,-0.632269024848938,0.5524369478225708,0.6835883259773254
1540,0.28625062108039856,-0.6548004150390625,0.03141007572412491,-0.35817867517471313,-0.2784298360347748,0.6692680716514587
2665,-0.02676372043788433,-0.48384398221969604,-0.038654875010252,-0.45350703597068787,-0.25793638825416565,0.6870982050895691
3170,0.5569709539413452,0.5383252501487732,0.6964967250823975,-0.03819365054368973,0.6883049607276917,0.6998939514160156
3398,0.030499381944537163,-0.5577346682548523,-0.1143980622291565,0.0794757530093193,-0.10689542442560196,-0.10866876691579819
2549,0.5047537088394165,0.6517136693000793,0.6999997496604919,-0.453543484210968,0.6999732255935669,0.6999918222427368
6233,0.6077462434768677,-0.08677598088979721,0.5453162789344788,0.006871052086353302,0.6265652775764465,0.6999297738075256
180,0.699508011341095,0.6575999855995178,0.6520363092422485,-0.6827228665351868,0.6251407265663147,0.6998871564865112
2801,-0.1143781915307045,0.660322904586792,0.6692097783088684,0.19164881110191345,0.5706918239593506,0.6997371912002563
4646,0.6999176740646362,0.6961708068847656,0.6975409388542175,-0.6917893886566162,0.6978822946548462,0.6999992728233337
4519,0.6193856596946716,0.6906774044036865,0.6975454092025757,-0.00649781571701169,0.694568395614624,0.6981171369552612
4311,-0.3361240327358246,-0.6211356520652771,0.25963473320007324,0.2538604736328125,0.21800217032432556,-0.12886618077754974
261,0.6993454098701477,0.5962320566177368,-0.6190142035484314,-0.6953772902488708,-0.5591314435005188,0.6999995708465576
442,-0.020081719383597374,0.2464710921049118,0.6363644003868103,0.08713392913341522,0.5514097809791565,0.6580142378807068
2282,0.6770387291908264,0.5780919790267944,0.553563117980957,-0.6636589169502258,0.6672159433364868,0.6999434232711792
4522,0.14699098467826843,-0.2772813141345978,-0.6966818571090698,-0.14801190793514252,-0.6355030536651611,-0.4610873758792877
740,0.4934428632259369,0.0370650514960289,-0.43546009063720703,-0.2971934378147125,-0.2180045247077942,0.3018069267272949
3436,-0.4812457263469696,-0.6457019448280334,-0.6585345268249512,0.4835846424102783,-0.6709029078483582,-0.0723566859960556
3724,-0.37002429366111755,-0.6999887824058533,-0.6994824409484863,0.2270646095275879,-0.699862003326416,0.6992173790931702
124,0.6672943234443665,0.6099905371665955,-0.47248375415802,-0.40469497442245483,-0.5477295517921448,0.12115452438592911
4825,0.6672490835189819,0.4781334698200226,0.28428423404693604,-0.5108651518821716,0.23630391061306,0.6992276906967163
3376,-0.34125080704689026,0.21155096590518951,0.6940175294876099,0.21552109718322754,0.6686550378799438,0.6953893303871155
1001,0.6372429132461548,0.43978479504585266,-0.2894434630870819,-0.24847199022769928,-0.13442471623420715,0.4770423173904419
3532,-0.2552289366722107,-0.514665424823761,0.3992365896701813,0.5216063857078552,0.35380053520202637,0.548498809337616
383,0.48686304688453674,0.3811730444431305,0.6678599119186401,-0.4398637115955353,0.662490963935852,0.6924372315406799
1688,0.6973257660865784,0.6981965899467468,0.6947500705718994,-0.6959829926490784,0.697062075138092,0.6998195052146912
6330,0.6886674165725708,0.6669517755508423,-0.6979531645774841,-0.677905261516571,-0.6726158857345581,-0.4431764781475067
1098,0.39113956689834595,-0.053891219198703766,0.2461092323064804,-0.38708001375198364,0.3621680438518524,0.4998305141925812
1323,0.5321165323257446,0.45406821370124817,0.20356419682502747,-0.34998634457588196,0.44881415367126465,0.6965253353118896
3000,0.5479578971862793,-0.6926653385162354,-0.6865911483764648,-0.5769891142845154,-0.6928104758262634,0.5621041655540466
263,0.1299077570438385,0.4711071252822876,0.5567768216133118,0.4277793765068054,0.5518952012062073,0.6573726534843445
1614,0.5213057398796082,0.6963738203048706,0.6914783120155334,0.06338723003864288,0.6928163170814514,0.6999915838241577
4718,0.6187003254890442,0.693364679813385,-0.0305688064545393,-0.4889979064464569,0.5829741358757019,0.41423100233078003
5520,0.6827887296676636,0.6721634864807129,-0.47094303369522095,-0.675712525844574,-0.09918660670518875,-0.06344754993915558
5873,0.5837252140045166,-0.4114442765712738,-0.16339729726314545,-0.22564803063869476,-0.31728270649909973,0.6589294672012329
1894,0.6998419165611267,0.6415358781814575,-0.6991283297538757,-0.6919422745704651,-0.6697176098823547,-0.1416240632534027
2890,0.6701669096946716,0.43080392479896545,0.0919225886464119,-0.591033935546875,0.2699291408061981,0.6994198560714722
5614,0.5606361031532288,0.03957749530673027,0.25933265686035156,-0.6005982756614685,0.34968793392181396,0.5525147318840027
1225,0.5078911781311035,0.5468201041221619,-0.6252850890159607,-0.2992061674594879,-0.31933408975601196,0.3307659327983856
4480,0.6891926527023315,0.646711528301239,0.5412635207176208,-0.692625105381012,0.6355788707733154,0.6999530792236328
1049,-0.47439292073249817,-0.697806179523468,-0.4616176187992096,0.5094072818756104,-0.576390266418457,0.03457077965140343
4686,0.17663191258907318,-0.5228244066238403,-0.2923150360584259,-0.06969115883111954,-0.46313273906707764,-0.09977514296770096
2248,0.6282805800437927,-0.021914057433605194,0.6857396960258484,0.6339949369430542,0.5801966786384583,0.47603943943977356
6089,0.6867639422416687,0.6967340707778931,0.6777210831642151,-0.694410502910614,0.6489062309265137,0.6999179720878601
2241,0.6981784701347351,0.6784629821777344,0.2810872197151184,0.05890312418341637,0.49339818954467773,0.4229661822319031
5214,0.4828190803527832,-0.6675260066986084,-0.69999098777771,-0.5760654211044312,-0.6996889114379883,0.5506661534309387
5834,0.372378945350647,0.6779433488845825,0.6679266691207886,0.1351800560951233,0.6788549423217773,0.6951834559440613
1201,0.4323680102825165,-0.33230289816856384,-0.32734042406082153,-0.4089997112751007,-0.3134510815143585,0.5501546859741211
4186,0.6874496340751648,-0.6252831816673279,-0.6999781131744385,-0.6549668312072754,-0.6998639106750488,0.6470159292221069
5045,0.06255325675010681,-0.30487877130508423,0.30745741724967957,-0.0452936515212059,0.1613866239786148,0.5737982392311096
449,0.579368531703949,0.470991313457489,0.6312097311019897,-0.6061177849769592,0.6254596710205078,0.6888328790664673
4943,0.6738065481185913,0.6471860408782959,0.6519061326980591,-0.6516393423080444,0.6528494954109192,0.6987665891647339
1568,0.6628534197807312,-0.5295161604881287,-0.6788102984428406,-0.6118519902229309,-0.6587734222412109,0.6992586851119995
663,0.6970252394676208,0.699973464012146,0.6927829384803772,0.02514731138944626,0.6994069814682007,0.6999987959861755
1213,0.5401319265365601,0.4101434648036957,0.6786994338035583,-0.48894551396369934,0.5934129953384399,0.698032796382904
2010,-0.07804204523563385,0.5549172163009644,0.6840686202049255,0.1479939967393875,0.6835532188415527,0.6955075263977051
3458,0.6998271346092224,0.6984583735466003,0.2561933696269989,-0.699378490447998,0.46445226669311523,0.6970252990722656
2229,-0.5180562138557434,-0.17342576384544373,0.6999997496604919,-0.5202903747558594,0.699687123298645,0.6999998688697815
6140,-0.5587292313575745,-0.5979508757591248,0.0702832043170929,0.516724705696106,-0.3752642869949341,0.4197717308998108
5583,0.6594988703727722,0.49822667241096497,0.5048914551734924,-0.3488609194755554,0.49414023756980896,0.6913166642189026
4172,0.18253399431705475,0.26860809326171875,0.6920487880706787,0.32125890254974365,0.57807856798172,0.6967615485191345
6053,-0.492145836353302,-0.5508241653442383,0.5556427836418152,0.6345763802528381,-0.036488864570856094,0.5626129508018494
673,0.19734373688697815,0.1951269656419754,0.6991510987281799,0.09470634907484055,0.6378538012504578,0.48260700702667236
1030,0.4519492983818054,0.6971046924591064,0.6612878441810608,-0.10433071851730347,0.673873782157898,0.699898362159729
4011,0.6955254077911377,0.6999900341033936,0.6999687552452087,-0.6675053238868713,0.6994048357009888,0.6999999284744263
309,0.6855663061141968,0.6818022727966309,0.6622366309165955,-0.6916611790657043,0.6818981766700745,0.68705153465271
792,0.5943757891654968,-0.202118918299675,0.3950784504413605,-0.09644877165555954,0.28017348051071167,0.6827906966209412
4946,0.08352851122617722,0.6944386959075928,-0.22861060500144958,-0.12471988797187805,0.007694327738136053,0.05587603151798248
2931,0.02048947662115097,0.6799826622009277,0.6843656897544861,0.339567095041275,0.6824188232421875,0.6973430514335632
3492,-0.03088376112282276,-0.6549962162971497,-0.6238943338394165,-0.008973014540970325,-0.6411544680595398,-0.14633911848068237
3447,-0.30980563163757324,-0.6842681765556335,-0.6460533142089844,0.14768874645233154,-0.6791436672210693,0.5235161185264587
2863,0.6994985938072205,0.619490385055542,0.5351256728172302,-0.6971778869628906,0.5602334141731262,0.698589563369751
1256,0.6233850121498108,0.6191332340240479,0.666176438331604,-0.11629537492990494,0.6672009825706482,0.6922515630722046
4816,0.6987013220787048,0.63396817445755,-0.5881275534629822,-0.6938667893409729,-0.04213491454720497,0.6079426407814026
2914,0.3002868592739105,-0.057528138160705566,0.485544353723526,-0.28994110226631165,0.5225865244865417,0.3247658312320709
3449,0.6998457908630371,0.6967635154724121,0.6081112623214722,0.44011715054512024,0.6535040736198425,0.6913942694664001
2585,0.5884456634521484,-0.43175268173217773,-0.6395844221115112,-0.6010352373123169,-0.6320285797119141,0.3426719307899475
1078,0.5778349041938782,0.4749170243740082,0.5068343281745911,-0.5417624711990356,0.48777148127555847,0.6857091188430786
5675,0.6385806798934937,-0.028962289914488792,-0.06083071604371071,-0.6482838988304138,-0.029338251799345016,0.6916751861572266
794,0.6992488503456116,0.6999149918556213,-0.6999921202659607,-0.6969393491744995,-0.690137505531311,-0.6478587985038757
4362,0.36542996764183044,-0.6783013939857483,-0.6583222150802612,-0.5143979787826538,-0.6624017357826233,0.6689402461051941
5309,0.311210572719574,-0.17066992819309235,0.41390687227249146,-0.34266480803489685,0.4249512553215027,0.6624771356582642
5229,0.4538351595401764,-0.4840542674064636,-0.3879232108592987,-0.5199103355407715,-0.5073485970497131,0.6959483027458191
1051,-0.2119479924440384,0.3852337896823883,0.6960628032684326,-0.014095312915742397,0.6899568438529968,0.6683886051177979
3840,0.6999810934066772,-0.696784496307373,-0.6999858617782593,-0.3784741759300232,-0.6999752521514893,0.6996878385543823
4657,0.6265745759010315,0.5169347524642944,0.5919559597969055,-0.5504224896430969,0.6063584685325623,0.6268054842948914
5332,0.4384186863899231,0.5301939845085144,0.6053719520568848,-0.3071153163909912,0.5408503413200378,0.696391761302948
2888,0.019955556839704514,0.6221874356269836,0.6991053819656372,0.5205380320549011,0.6922150254249573,0.6981546878814697
1293,0.6999524235725403,0.05370812863111496,0.044292669743299484,-0.6999768018722534,-0.018691012635827065,0.5833334922790527
3578,0.6715325713157654,0.12947878241539001,0.46391794085502625,-0.6762213110923767,0.46639418601989746,0.6144782304763794
2139,0.6911130547523499,0.48894253373146057,-0.5629547238349915,-0.6880573034286499,-0.4936728775501251,0.4637528955936432
5928,-0.21482039988040924,-0.4785245954990387,0.2856261730194092,0.09809334576129913,-0.05283595249056816,0.6295199990272522
853,0.3464442491531372,0.6894062161445618,0.6938032507896423,-0.4669088125228882,0.694174587726593,0.6984803080558777
866,0.6844899654388428,0.6061567068099976,0.6789413094520569,-0.3475882411003113,0.6774126291275024,0.6940531730651855
343,-0.015985678881406784,0.19121135771274567,0.6184626817703247,0.34015166759490967,0.5597924590110779,0.6887512803077698
2411,0.5821923613548279,-0.05618688836693764,-0.021851234138011932,-0.549403727054596,-0.002336107660084963,0.6993218660354614
138,0.6987740397453308,0.5244724154472351,-0.6980983018875122,-0.6914674043655396,-0.6940121650695801,0.5969929099082947
5642,0.42649921774864197,0.20490671694278717,0.6983503103256226,-0.5235368609428406,0.38356003165245056,0.6984321475028992
958,0.47426968812942505,0.19893449544906616,0.15580663084983826,-0.4846394658088684,0.08168888837099075,0.6701555252075195
2063,0.45406374335289,0.6608635783195496,0.6988425254821777,0.3745317757129669,0.6923222541809082,0.6953204870223999
6163,0.6416966915130615,0.5772464275360107,0.6361932754516602,-0.4685121476650238,0.5830757021903992,0.6981249451637268
6277,0.08585860580205917,0.31041333079338074,0.5353173613548279,0.2181101143360138,0.5036202073097229,0.6637431979179382
3106,0.6340196132659912,0.5831873416900635,0.6546146273612976,-0.5932267308235168,0.5916763544082642,0.6986147165298462
6032,0.6977956891059875,0.6996790170669556,0.6902730464935303,-0.6377314925193787,0.6988959908485413,0.6990507245063782
831,-0.29920142889022827,-0.6025711894035339,0.6834151148796082,0.44025176763534546,0.38543906807899475,0.697851300239563
2930,0.6811941862106323,0.5655177235603333,0.6192739009857178,-0.6571606397628784,0.6046404242515564,0.6998533606529236
6345,0.6974278092384338,0.6988942623138428,0.6959981918334961,-0.5613210797309875,0.6994714736938477,0.6999463438987732
3732,0.10229070484638214,0.538372814655304,0.6944272518157959,-0.19519704580307007,0.680766761302948,0.6932277083396912
4897,0.6982535719871521,0.6998447775840759,0.5311626195907593,-0.6952219605445862,0.6688666343688965,0.6999315619468689
4333,0.2106841802597046,0.16550694406032562,0.02401334047317505,0.40877413749694824,0.1115448996424675,0.6253997683525085
6259,-0.34520232677459717,-0.6826522946357727,0.29651498794555664,0.4313584566116333,-0.009306696243584156,0.6977043151855469
5634,0.6715478897094727,0.673319935798645,-0.4275662899017334,-0.3225603997707367,0.3398715555667877,0.3685762584209442
2472,0.18411150574684143,0.5607491135597229,0.6773695349693298,-0.33608439564704895,0.6704540848731995,0.6530288457870483
5271,-0.585909903049469,0.5406232476234436,0.6998848915100098,0.6356380581855774,0.6975029706954956,0.6999936103820801
3902,-0.15418832004070282,-0.40825706720352173,0.1365131437778473,-0.3682769238948822,0.11372579634189606,0.6121441125869751
3503,0.3039829730987549,0.1928129941225052,0.2472827136516571,-0.10075410455465317,0.28116586804389954,0.5752370953559875
6254,0.5802813768386841,0.5991362929344177,0.5883055925369263,0.07962215691804886,0.6080453395843506,0.666530191898346
3764,0.626988410949707,0.5126847624778748,0.5935853123664856,-0.24077674746513367,0.5378410220146179,0.6935364007949829
2594,-0.6063815355300903,-0.68511962890625,-0.6560495495796204,0.500514030456543,-0.6787793040275574,-0.43424636125564575
4858,0.25594446063041687,0.698334276676178,0.5479838252067566,0.16977854073047638,0.6817412972450256,0.6995105743408203
295,0.6989330053329468,-0.6956431865692139,-0.699993371963501,-0.6999139785766602,-0.6999933123588562,0.6994219422340393
2943,0.1655874252319336,0.36777082085609436,0.6271873116493225,-0.29047778248786926,0.657427966594696,0.6545858979225159
4547,0.6996972560882568,0.6957977414131165,0.2306118607521057,-0.6962625980377197,0.5671047568321228,0.6684150099754333
5509,0.6999995708465576,0.6981006860733032,-0.5520655512809753,-0.699954628944397,0.4345889091491699,0.17489096522331238
4382,0.6660899519920349,0.1551864892244339,-0.3322925865650177,-0.6472495794296265,-0.37752628326416016,0.6866407990455627
3857,0.6983011960983276,0.09927897155284882,-0.682470440864563,-0.6984809041023254,-0.6783267855644226,0.6965444684028625
1046,0.5684210658073425,-0.546367347240448,-0.09466905891895294,0.18163520097732544,-0.4846145510673523,0.6996881365776062
5379,-0.3186209797859192,0.6947558522224426,0.6333039402961731,0.5529131293296814,0.6727921366691589,0.6539141535758972
582,-0.4202306270599365,-0.13587988913059235,0.699454665184021,-0.5074037313461304,0.6858739256858826,0.6997454762458801
452,0.14647752046585083,-0.36411240696907043,0.5352094173431396,0.1814761906862259,0.4154583513736725,0.6823367476463318
348,-0.04840720072388649,0.40621715784072876,0.6758135557174683,0.3905928134918213,0.6550462245941162,0.6988545656204224
6269,-0.49662643671035767,-0.691490113735199,0.578107476234436,0.5245290994644165,-0.1342991590499878,0.6664425730705261
3618,0.6998772621154785,0.4041396677494049,-0.2626596987247467,-0.6986935138702393,-0.31421613693237305,0.694303035736084
5585,0.6417124271392822,0.6612592339515686,0.666254460811615,-0.29814422130584717,0.6689897775650024,0.6999531388282776
6104,0.1329699009656906,0.4850793480873108,0.6192361116409302,0.08319760859012604,0.6096444129943848,0.6970400810241699
819,0.4826751947402954,-0.2231464684009552,0.6976940631866455,-0.5865132212638855,0.6372669339179993,0.6883589029312134
4042,-0.5997451543807983,-0.6991493105888367,0.0601283498108387,0.3844643831253052,-0.43832796812057495,0.6407136917114258
1416,0.0939069390296936,-0.5714110732078552,-0.5856499075889587,0.20830340683460236,-0.5842061042785645,0.6998710632324219
3573,0.14653755724430084,0.6092044115066528,0.5196358561515808,-0.6454991698265076,0.6364591121673584,0.6919025778770447
4033,0.6408298015594482,0.6334278583526611,0.5959548354148865,-0.39708924293518066,0.6036670207977295,0.6352102160453796
16,0.6878771781921387,0.5789886713027954,0.42594286799430847,-0.6851760149002075,0.5471677780151367,0.6974287033081055
1542,0.057750679552555084,-0.6988868713378906,-0.6988232135772705,-0.4907918870449066,-0.6995747089385986,0.699893057346344
3768,0.5545247197151184,0.5621484518051147,0.6560534238815308,-0.36795273423194885,0.6187409162521362,0.6998612284660339
3972,0.48410138487815857,0.3048313856124878,0.5218743085861206,-0.5510056018829346,0.600898265838623,0.6301151514053345
6152,0.621052622795105,0.6891422271728516,0.602138340473175,-0.5861788392066956,0.6687532663345337,0.6893405318260193
4658,0.688922107219696,0.6537954211235046,0.2797161638736725,-0.59456467628479,0.5531153678894043,0.6523067355155945
286,-0.10842610150575638,0.5504297018051147,0.6749570965766907,-0.10660264641046524,0.6745108962059021,0.6988610029220581
5463,0.5564299821853638,0.6361084580421448,0.5982142686843872,-0.5065844058990479,0.6620453596115112,0.6976865530014038
800,0.13846799731254578,-0.6999912261962891,-0.699951171875,-0.4921085238456726,-0.6999191641807556,0.697636604309082
3312,0.5957381129264832,0.6999465823173523,0.6991908550262451,-0.5005027651786804,0.699901819229126,0.6999891996383667
1966,0.6730846166610718,0.6289618015289307,0.3771861791610718,-0.6549394130706787,0.6160562634468079,0.6488214135169983
2072,-0.12189126759767532,-0.6663928031921387,-0.37669429183006287,-0.01728966273367405,-0.682586669921875,0.6485479474067688
3229,0.5309258699417114,0.3629656732082367,-0.1292232871055603,-0.33381667733192444,-0.07004263997077942,0.6853753924369812
1852,0.665693461894989,-0.13633759319782257,-0.3206738233566284,-0.5395565629005432,-0.1671726554632187,0.26385170221328735
409,0.5522902011871338,0.6368770599365234,0.215985968708992,-0.13830611109733582,0.48110803961753845,0.6835405826568604
1805,0.5413232445716858,0.023099062964320183,0.5217692852020264,-0.004460136406123638,0.4225878119468689,0.676247239112854
101,-0.6253417730331421,-0.638785183429718,-0.2650045156478882,0.006095369812101126,-0.4781052768230438,0.33428964018821716
5871,0.6999996900558472,0.6955469250679016,-0.0001156455182353966,-0.6959978342056274,0.08365994691848755,0.38810670375823975
4882,-0.5233400464057922,-0.5498064160346985,0.5766909122467041,0.28385913372039795,0.396300345659256,0.6895903944969177
3303,0.6819565892219543,0.15117642283439636,-0.1345224231481552,-0.683064341545105,0.11984837055206299,0.6996384859085083
969,-0.6460456252098083,-0.6999997496604919,-0.5493804812431335,-0.3646731376647949,-0.6943356394767761,0.6997904777526855
4021,0.6417353749275208,0.3659023940563202,0.38722482323646545,-0.3882490396499634,0.34642326831817627,0.6988875269889832
2747,-0.38489463925361633,0.20631761848926544,0.6337144374847412,0.1649823784828186,0.5550639033317566,0.6992063522338867
2851,-0.3842000663280487,0.6514867544174194,0.26357412338256836,0.4100571274757385,0.5138726234436035,0.3994601368904114
4170,0.6047614216804504,0.39132121205329895,0.43291082978248596,-0.5552194118499756,0.4348028898239136,0.690652072429657
5142,0.5483566522598267,0.604128360748291,0.6941474676132202,-0.5457559823989868,0.6935968399047852,0.6981564164161682
1802,0.2045121043920517,0.631873369216919,0.6885825395584106,0.14271755516529083,0.6862354874610901,0.6910322904586792
1553,0.3920496106147766,-0.3612309396266937,0.23849019408226013,-0.06088202819228172,0.1691606640815735,0.4389023184776306
5486,-0.6827782392501831,-0.6978493928909302,-0.43695974349975586,0.6799228191375732,-0.6387541890144348,0.16796226799488068
4498,0.518757164478302,0.34634149074554443,0.4372982978820801,-0.41167789697647095,0.4145960509777069,0.6998848915100098
6355,0.6797137260437012,0.6812166571617126,0.6508634090423584,-0.6467496752738953,0.6736660599708557,0.6995040774345398
6286,0.5936143398284912,0.5667814016342163,0.6492604613304138,-0.6446428298950195,0.6733766198158264,0.6938849091529846
2507,0.6590930819511414,0.6903443336486816,-0.35091209411621094,-0.5347390174865723,0.18896499276161194,-0.026808494701981544
1176,0.2970362901687622,0.5734956860542297,0.6158599257469177,-0.47469326853752136,0.6215614080429077,0.68747878074646
1472,0.6993793249130249,0.6662735342979431,0.6241545677185059,-0.6846897006034851,0.6459624171257019,0.696473240852356
3666,0.5815571546554565,0.6109942197799683,0.6745601892471313,0.26055875420570374,0.6454164385795593,0.6837963461875916
2949,0.1513315886259079,-0.6708479523658752,-0.6959512829780579,-0.3385218381881714,-0.6957378387451172,0.5525608062744141
466,0.4134584069252014,0.6372885704040527,0.6725338697433472,0.19702817499637604,0.6392874121665955,0.6993359923362732
505,0.49297499656677246,-0.6230796575546265,0.10823768377304077,-0.5238368511199951,0.015163461677730083,0.6956550478935242
2527,0.6966316103935242,0.6484899520874023,0.5217764377593994,-0.677510678768158,0.6316239237785339,0.6607009768486023
4242,0.6995119452476501,0.41735178232192993,-0.3288984000682831,-0.6765647530555725,0.08477725833654404,-0.012426893226802349
5178,0.0300474651157856,-0.1178336888551712,0.5982004404067993,0.5003496408462524,0.5519580245018005,0.5752505660057068
1367,0.6998692154884338,0.5620918273925781,0.08001531660556793,-0.693453311920166,0.5334574580192566,0.45826032757759094
1044,0.6899768710136414,0.6809093356132507,0.6976304054260254,-0.6969064474105835,0.697702944278717,0.6984446048736572
1056,0.2616063356399536,0.5038273334503174,0.6879556775093079,-0.4031485617160797,0.673417329788208,0.6912022829055786
4189,0.684167206287384,-0.23764435946941376,0.5252345204353333,-0.6748735904693604,0.5652966499328613,0.6966115832328796
3149,0.5947763323783875,0.3491120934486389,0.5212819576263428,-0.6981655955314636,0.5755323767662048,0.6999392509460449
2972,0.617911696434021,-0.5862890481948853,-0.28862300515174866,-0.3693311810493469,-0.5748827457427979,0.6272724270820618
6127,0.6979702711105347,0.6702101230621338,0.6996837854385376,-0.6959007978439331,0.6993539929389954,0.6998497843742371
5677,0.5370749235153198,-0.44409048557281494,-0.6527271270751953,-0.5624467730522156,-0.6726651787757874,0.6634517908096313
1809,0.69829922914505,0.6993616819381714,0.6192284226417542,-0.5170084834098816,0.6924346089363098,0.6997155547142029
321,0.642145037651062,0.5764929056167603,0.5847799181938171,-0.6418594121932983,0.5974022746086121,0.6824914813041687
181,0.40416422486305237,-0.30276158452033997,-0.24946337938308716,-0.364631712436676,-0.13744226098060608,0.42870092391967773
4133,0.5885078310966492,0.6779133081436157,0.6961947679519653,-0.3269040286540985,0.6894583106040955,0.6995939612388611
3431,0.17912717163562775,-0.54520583152771,-0.5473769307136536,-0.08813449740409851,-0.5555775165557861,0.1098506897687912
1172,0.6888456344604492,0.5949336290359497,-0.12300143390893936,-0.6711809039115906,0.22498264908790588,0.5694358348846436
70,0.6526463031768799,0.5673284530639648,0.5436787009239197,-0.13802053034305573,0.5691193342208862,0.6177247762680054
4211,0.3869023323059082,0.2779098153114319,0.5447221994400024,-0.22125262022018433,0.5040910243988037,0.6999227404594421
6305,0.6947093605995178,0.5292439460754395,0.6780228614807129,-0.4942116439342499,0.6227317452430725,0.6998041868209839
4823,0.6999714374542236,-0.6886748671531677,-0.6999594569206238,-0.6999521851539612,-0.6999147534370422,0.6980715394020081
5090,0.5965325236320496,0.5354103446006775,0.6756343841552734,-0.412962943315506,0.6738690733909607,0.6991673111915588
986,0.6999997496604919,0.6999999284744263,0.4717009663581848,-0.6999828815460205,0.6372339725494385,0.6999673843383789
6185,0.6283919811248779,0.6251721382141113,-0.2935686707496643,-0.5417762994766235,0.00364057719707489,0.5527154207229614
3328,0.6798204183578491,0.33691975474357605,-0.1514945775270462,-0.6126580238342285,-0.07704514265060425,0.6984483599662781
2850,0.36275601387023926,-0.6992409229278564,-0.41470372676849365,0.13700705766677856,-0.6388675570487976,0.1371513456106186
60,0.4350000023841858,-0.23693238198757172,-0.3135201930999756,-0.3541997969150543,-0.14827844500541687,0.38166365027427673
3103,0.2753935754299164,-0.6964850425720215,-0.6850148439407349,-0.38802993297576904,-0.6994636654853821,0.6986055970191956
3167,0.6254224181175232,0.6273922920227051,0.6943175792694092,-0.3483980596065521,0.6544148921966553,0.6999030709266663
3462,-0.03812785446643829,0.2613803744316101,0.5944860577583313,-0.15524201095104218,0.5605133175849915,0.6981309652328491
22,0.6977501511573792,0.6997230648994446,0.5633906722068787,-0.5981685519218445,0.6943111419677734,0.6913787126541138
3700,0.6008003354072571,0.1991138756275177,0.6558020114898682,-0.2092125117778778,0.5957536697387695,0.6966234445571899
3028,-0.1261521279811859,0.6368367075920105,0.6874060034751892,0.25461113452911377,0.6800665259361267,0.6944014430046082
1249,-0.2880689203739166,0.6767602562904358,0.6981083750724792,0.6893918514251709,0.6933426260948181,0.6999992728233337
3232,0.35481101274490356,0.6292743682861328,0.6980514526367188,-0.372629851102829,0.696902334690094,0.6990518569946289
3418,-0.5380397439002991,-0.5171283483505249,0.6451385021209717,0.5431735515594482,0.5812287926673889,0.17271168529987335
1527,-0.3050556182861328,0.08434449881315231,0.6958147287368774,0.35419753193855286,0.641306459903717,0.6742002964019775
3315,0.5334436893463135,-0.671484112739563,0.12530814111232758,-0.1608562171459198,-0.2348550409078598,0.5565824508666992
4780,0.3837101459503174,-0.001666950760409236,0.33626651763916016,0.3729618489742279,0.36587342619895935,0.6795283555984497
3475,0.2363278716802597,0.6267712116241455,0.6997084617614746,0.5045030117034912,0.6789814829826355,0.6999878287315369
1735,0.6883838176727295,0.6991152167320251,0.699996829032898,0.3257676959037781,0.6999295353889465,0.6999918222427368
4027,-0.1252717673778534,0.6155983209609985,0.699998676776886,-0.41043904423713684,0.699885904788971,0.6999782919883728
2324,0.6947700381278992,0.699860155582428,0.6872958540916443,-0.6831740736961365,0.6937417984008789,0.6999990940093994
2133,0.6514905691146851,0.5454013347625732,0.44948482513427734,-0.6680174469947815,0.5998640656471252,0.6921631097793579
5278,0.030951090157032013,0.6094121336936951,0.6819258332252502,0.57160884141922,0.6566706299781799,0.6824295520782471
2066,0.6960645318031311,-0.18726801872253418,-0.5203896164894104,-0.6761994361877441,-0.4228219985961914,0.34931737184524536
2296,-0.22438085079193115,0.3304460048675537,0.6918096542358398,0.36686769127845764,0.6018890738487244,0.6883432865142822
4729,0.2134091854095459,-0.6983388662338257,-0.6951936483383179,0.1765037328004837,-0.6959054470062256,-0.6935177445411682
2364,0.44081342220306396,0.6776404976844788,0.698688268661499,-0.6059826016426086,0.6984501481056213,0.6992852687835693
5519,0.1997917741537094,0.4311627745628357,0.26679527759552,0.5229547023773193,0.2758031189441681,0.5627630352973938
5084,0.6860273480415344,0.6230568885803223,0.2275819480419159,-0.6929628252983093,0.352180540561676,0.6999781727790833
3606,0.5588169693946838,0.6958497166633606,0.6986145377159119,0.11154462397098541,0.6987329125404358,0.6966778039932251
4745,0.6860134601593018,-0.5521008968353271,-0.6854187846183777,-0.6762089729309082,-0.6992678642272949,-0.21410731971263885
3687,-0.5084656476974487,0.0020536519587039948,0.6866591572761536,0.35842373967170715,0.6322325468063354,0.6959375739097595
976,0.6306013464927673,0.554947555065155,0.665317952632904,-0.6516926884651184,0.6790815591812134,0.6891474723815918
1804,0.28733307123184204,-0.6932491064071655,-0.6965574622154236,-0.2195187360048294,-0.6940101385116577,0.6194063425064087
5508,-0.16843253374099731,0.6761627793312073,0.6994433999061584,-0.5191957354545593,0.6987342834472656,0.6999021172523499
988,0.685448408126831,0.575419545173645,0.47563526034355164,-0.5255628228187561,0.6194462180137634,0.5603826642036438
1302,0.6614630818367004,0.692291796207428,0.6938717365264893,-0.6704502105712891,0.6962422132492065,0.6999650597572327
6101,-0.06940013915300369,0.5465577244758606,0.6958682537078857,0.4048682153224945,0.6846415400505066,0.6985825300216675
448,0.6394847631454468,0.1577310413122177,0.600291907787323,-0.5667283535003662,0.5809614062309265,0.6352521181106567
6186,0.6944862008094788,0.62241530418396,0.5219499468803406,-0.6715596318244934,0.6200869679450989,0.6998888850212097
3663,-0.28656062483787537,0.6044575572013855,0.6722321510314941,-0.5111098885536194,0.6923266053199768,0.6997600197792053
1428,0.6957240104675293,0.6975125670433044,0.5629810690879822,-0.574916422367096,0.6381736993789673,0.6998381614685059
4744,-0.44460877776145935,0.14549888670444489,0.699894368648529,0.6321030855178833,0.6873220205307007,0.6989119648933411
3515,0.5156273245811462,0.5118047595024109,0.6503768563270569,0.00291140447370708,0.609552800655365,0.6577994227409363
1047,-0.2328261137008667,-0.2057415395975113,0.6202400922775269,-0.16646671295166016,0.5199893712997437,0.6834418177604675
3488,-0.07832447439432144,-0.6665034294128418,0.6921582818031311,0.1565265953540802,0.39800122380256653,0.6989375352859497
4960,0.6196690201759338,0.5970929861068726,0.6244269013404846,-0.644747257232666,0.6324236392974854,0.6920482516288757
4880,-0.48317432403564453,-0.6992937326431274,-0.6999959349632263,0.3044534921646118,-0.6999379396438599,-0.6961692571640015
6196,-0.5586569905281067,-0.6085923314094543,0.6766092777252197,-0.3814151883125305,0.4944249093532562,0.689700722694397
2587,-0.1307731568813324,0.19936639070510864,0.6922854781150818,-0.07900302857160568,0.6934734582901001,0.6264033317565918
3098,0.6096981763839722,0.6255093812942505,0.6998798847198486,0.6962665319442749,0.6982017159461975,0.6999133825302124
4650,0.2423044741153717,-0.5609140992164612,0.5795535445213318,-0.43300724029541016,-0.06980309635400772,0.6686727404594421
5308,0.6999983191490173,0.6989828944206238,-0.07666973769664764,-0.6995664238929749,0.46486401557922363,0.6347861886024475
4036,0.6051751375198364,-0.44732099771499634,-0.6982731223106384,-0.5608787536621094,-0.6781582236289978,-0.6462389230728149
6184,0.6668685078620911,0.5988210439682007,0.5719428062438965,-0.5430914759635925,0.6546170711517334,0.6779213547706604
6227,0.6997287273406982,0.39344197511672974,-0.6948933601379395,-0.6999769806861877,-0.6717568039894104,0.6899177432060242
2951,0.3168075382709503,0.06266561150550842,0.4019485116004944,-0.19704344868659973,0.27546989917755127,0.556000828742981
795,0.6999820470809937,0.6958518624305725,-0.258253276348114,-0.6996286511421204,0.18600745499134064,0.5134012699127197
2044,0.5929956436157227,0.5341899991035461,0.4705100655555725,-0.6217213869094849,0.5629345178604126,0.6928378939628601
1672,0.6998404264450073,0.3973154127597809,0.10029438138008118,-0.699897289276123,-0.0032548762392252684,0.6998459100723267
97,0.6972494721412659,0.6943816542625427,0.682995617389679,-0.6451725363731384,0.6835432648658752,0.6999086737632751
4040,0.33794018626213074,0.056108780205249786,0.4943695068359375,-0.5334082841873169,0.5454045534133911,0.6695396304130554
3565,0.6999998688697815,0.6998026967048645,-0.6999927759170532,-0.6999998688697815,-0.6721884608268738,0.5446296334266663
1061,-0.004039290826767683,-0.6989091634750366,-0.6999987363815308,-0.48664745688438416,-0.6999981999397278,-0.6998337507247925
1630,0.07179176062345505,-0.59096759557724,-0.22716723382472992,0.3297978639602661,-0.5966429114341736,-0.09851913899183273
1897,0.021106841042637825,0.4353439509868622,0.6240772604942322,-0.48879727721214294,0.6457186341285706,0.6953909993171692
3879,-0.47691795229911804,-0.6549050211906433,-0.6777606010437012,0.30768099427223206,-0.6750110387802124,-0.6510814428329468
4864,0.6976155042648315,0.6992664933204651,0.6898011565208435,-0.6925698518753052,0.6949102878570557,0.6998645067214966
6099,0.3049147427082062,0.5094424486160278,0.6705843210220337,-0.5048550963401794,0.6496084928512573,0.6975119709968567
52,0.6998546719551086,0.6932597160339355,0.6484637260437012,-0.6989991068840027,0.6827443838119507,0.6909858584403992
3576,0.6600692868232727,0.5095435380935669,0.6458293795585632,-0.6788195371627808,0.6488516330718994,0.6799411177635193
1096,0.6664518117904663,-0.5620284080505371,-0.69123774766922,-0.5880958437919617,-0.6886929869651794,-0.11132502555847168
5613,0.5953541994094849,0.6582303643226624,0.6830206513404846,-0.6005590558052063,0.6737971305847168,0.6844787001609802
5842,-0.39230379462242126,0.3917621672153473,0.6875637173652649,0.14845113456249237,0.6843624711036682,0.69559645652771
5467,0.6801131367683411,0.6996530890464783,0.6945009231567383,-0.5480086207389832,0.6951300501823425,0.6999996900558472
3662,0.6827534437179565,0.5952343940734863,0.6307013034820557,-0.6445083618164062,0.6335331201553345,0.6853290796279907
5439,0.691996157169342,-0.35079383850097656,-0.06907791644334793,-0.692368745803833,-0.17369486391544342,0.6990836262702942
369,0.6991966962814331,0.6734280586242676,-0.5844230651855469,-0.6955533027648926,-0.3695564866065979,0.6057333946228027
2041,0.5529068112373352,-0.46122676134109497,0.08044549822807312,-0.6066489815711975,-0.16639511287212372,0.689781665802002
4957,0.40389153361320496,0.4378848373889923,0.6868820190429688,-0.2580912411212921,0.6161512732505798,0.6970734596252441
659,-0.22371535003185272,-0.6983734369277954,-0.6999418139457703,-0.1428338587284088,-0.6995866894721985,-0.6342303156852722
5232,0.34247180819511414,0.5328798890113831,0.6997724771499634,0.17121842503547668,0.6940617561340332,0.6998432278633118
119,0.6148191094398499,0.5721883177757263,0.28907516598701477,-0.624748170375824,0.39353278279304504,0.6392946839332581
2837,0.6999866366386414,0.5551241040229797,-0.6823056936264038,-0.6999756097793579,-0.2793099880218506,0.6945744156837463
5981,-0.07603371143341064,0.07956620305776596,0.5110294222831726,0.4835170805454254,0.4867090880870819,0.5153942108154297
6292,-0.006587717216461897,0.3292844295501709,0.6999998092651367,0.6882655620574951,0.6999078989028931,0.6999997496604919
2000,0.6983704566955566,0.6938670873641968,0.6991544961929321,-0.6361636519432068,0.6988174319267273,0.6994653344154358
1710,0.5013653039932251,-0.6999378204345703,-0.6999989748001099,-0.6373804211616516,-0.6999989151954651,0.6999989748001099
3967,0.5759806632995605,0.43816569447517395,0.693747341632843,-0.35155102610588074,0.6838663220405579,0.6983929872512817
5566,0.5947865843772888,0.6167080998420715,0.6356377005577087,0.46419352293014526,0.63262540102005,0.6908901929855347
4371,0.6826906204223633,0.10710285604000092,0.6623786091804504,-0.6666945219039917,0.5341447591781616,0.679854691028595
4820,0.0011492813937366009,0.5169099569320679,0.6608848571777344,-0.04711443558335304,0.6528412699699402,0.6794909834861755
917,0.24003882706165314,0.39585864543914795,0.3981444835662842,-0.002254045568406582,0.5378896594047546,-0.20110245048999786
1716,0.4570818543434143,0.5781471729278564,0.60037761926651,-0.062487490475177765,0.6327553391456604,0.6108629107475281
50,0.184610977768898,0.05627721548080444,-0.11775640398263931,-0.27767711877822876,-0.056473180651664734,0.6794077157974243
5751,0.20452721416950226,0.6738846898078918,0.6710100769996643,-0.5434979200363159,0.6788923144340515,0.6983230113983154
3505,0.22062252461910248,0.3204992413520813,-0.4001169800758362,-0.43009448051452637,-0.28174933791160583,-0.5555808544158936
4299,0.2046443521976471,-0.5493553280830383,-0.6721377968788147,-0.032820653170347214,-0.6474061012268066,0.43965762853622437
3763,0.6594481468200684,-0.2714066505432129,-0.1467818021774292,-0.671173632144928,-0.20005954802036285,0.6984938979148865
1219,-0.14202934503555298,-0.6503900289535522,-0.4271389842033386,-0.20606938004493713,-0.5096967220306396,0.6240307688713074
4809,0.5229054093360901,0.3992783725261688,0.5708038806915283,-0.08705826848745346,0.5568113327026367,0.6889313459396362
2593,0.06481965631246567,0.30794569849967957,0.6993157863616943,0.31696781516075134,0.6798995137214661,0.6978760957717896
5769,0.531153678894043,0.5516678094863892,0.666823148727417,0.024403659626841545,0.6621948480606079,0.6838432550430298
2401,0.6145564317703247,0.628014862537384,0.6986892223358154,-0.5067098736763,0.6912225484848022,0.6999132037162781
3189,-0.08614081144332886,-0.17672711610794067,0.16399991512298584,0.32652318477630615,0.11041385680437088,0.6539226174354553
3450,0.6965912580490112,0.664375364780426,0.4826858341693878,-0.6371725797653198,0.584349513053894,0.6999866366386414
5251,0.014455601572990417,-0.6911803483963013,-0.33973509073257446,-0.19743099808692932,-0.6939142346382141,0.6689525842666626
4368,0.4534548819065094,0.5139334797859192,0.6166089773178101,-0.14844448864459991,0.5764703154563904,0.6473138332366943
655,0.13942748308181763,0.1887102723121643,0.6429683566093445,-0.6892514824867249,0.583708643913269,0.6992015242576599
2679,0.6998896598815918,0.6859810948371887,-0.601407527923584,-0.6998788118362427,-0.15100102126598358,-0.6636977195739746
1674,0.6806410551071167,0.629742443561554,0.6642541885375977,-0.45641836524009705,0.6662262678146362,0.6909406185150146
1995,0.5950515270233154,-0.4818327724933624,-0.688517153263092,-0.5828359723091125,-0.6831001043319702,0.025556530803442
4286,0.3138990104198456,0.3680502474308014,0.6370932459831238,-0.5769804120063782,0.612533450126648,0.6982006430625916
1779,0.46511712670326233,0.5925323367118835,0.5049108862876892,0.17153628170490265,0.5367892384529114,0.6998510360717773
1027,0.08672736585140228,-0.5567924380302429,0.03189569711685181,0.33170557022094727,-0.36892232298851013,0.3367517590522766
1267,0.5844523906707764,0.6944625973701477,0.699594259262085,-0.37680214643478394,0.6992967128753662,0.6999766826629639
1489,0.6971524357795715,0.6999236941337585,0.696755051612854,-0.6976794004440308,0.6988709568977356,0.6999994516372681
1193,0.46555742621421814,0.63222736120224,0.24947457015514374,-0.41353684663772583,0.4751664102077484,0.6979929804801941
2742,0.5531765818595886,0.16698981821537018,0.31013980507850647,-0.4533023238182068,0.33594444394111633,0.6556651592254639
6284,0.6867707371711731,0.49088895320892334,0.6827635765075684,-0.38749513030052185,0.6865742206573486,0.6821645498275757
2353,0.672283947467804,0.6980053186416626,0.13359108567237854,-0.4588207006454468,0.5058810114860535,0.6816188097000122
3887,0.0018157551530748606,0.5339581370353699,0.6904941201210022,0.007452657911926508,0.6779676079750061,0.6996251940727234
5989,-0.1390199363231659,-0.6935999989509583,-0.6997737884521484,0.07156713306903839,-0.6987174153327942,-0.680030345916748
3468,0.5144304037094116,0.6940008401870728,0.6948561668395996,-0.3221529424190521,0.6927316188812256,0.694963812828064
2243,0.6885665655136108,0.6883920431137085,-0.20252694189548492,-0.6312379240989685,0.07134301215410233,0.6999772787094116
3998,0.14361132681369781,0.22459852695465088,0.5756329894065857,0.26028263568878174,0.5302786827087402,0.6902512907981873
1705,0.5088170766830444,0.2994360327720642,0.699611485004425,0.08849982917308807,0.6835319399833679,0.6995734572410583
3562,0.4062463641166687,-0.054454702883958817,-0.0057081012055277824,0.023412862792611122,-0.04674015939235687,0.24854117631912231
3385,0.5828744769096375,-0.5512441992759705,-0.5620635151863098,-0.4548013508319855,-0.40338268876075745,0.1718117743730545
476,0.5757891535758972,0.696677029132843,0.6904163956642151,-0.40551888942718506,0.6959550976753235,0.6994137763977051
920,0.38450300693511963,0.08873213827610016,0.59116131067276,0.15437248349189758,0.4743899405002594,0.6226550936698914
5578,-0.05898299440741539,-0.06455619633197784,0.5406525135040283,0.16752557456493378,0.5449864268302917,0.2003808617591858
5480,0.5292807817459106,0.508729875087738,0.6037237644195557,-0.16064836084842682,0.572037935256958,0.6810687184333801
4432,-0.5492414236068726,-0.5473403334617615,0.4733564257621765,0.2531471848487854,0.07672014087438583,0.2683451473712921
1901,0.35398221015930176,0.6259270310401917,-0.012260077521204948,-0.28880032896995544,0.26326003670692444,0.2825701832771301
2733,0.5096563696861267,0.07439760863780975,-0.4438473880290985,-0.42534059286117554,0.03291062265634537,0.40102526545524597
1239,-0.12507638335227966,0.08199746906757355,0.6048941612243652,-0.29703646898269653,0.5875901579856873,0.6848534345626831
4599,0.6617517471313477,0.6682801246643066,0.6822718977928162,-0.6844918727874756,0.6904387474060059,0.6999920010566711
1855,0.5804948806762695,-0.4110182821750641,-0.18246406316757202,-0.5473485589027405,-0.12366273254156113,0.22604361176490784
3975,0.3300260901451111,0.32440730929374695,0.6806457042694092,-0.25290820002555847,0.6197373270988464,0.697323203086853
5305,0.690308153629303,-0.2905533015727997,-0.5907571911811829,-0.4567239284515381,-0.5781465768814087,0.6425225138664246
1558,0.550719678401947,0.6688337922096252,0.6613993048667908,-0.5133927464485168,0.6845396161079407,0.6967485547065735
4259,0.6304198503494263,0.5044630765914917,0.4479439854621887,-0.5812285542488098,0.4217151701450348,0.6735721826553345
284,0.6989326477050781,0.4229670464992523,-0.6875917315483093,-0.6939734816551208,-0.41867348551750183,-0.6989622116088867
5816,0.6999960541725159,-0.6999998688697815,-0.6999995708465576,-0.6999940872192383,-0.6999998688697815,0.6999959945678711
4478,0.6934396624565125,0.07095195353031158,-0.26423177123069763,-0.6945948004722595,-0.16567346453666687,0.6992047429084778
1944,0.5345567464828491,0.4988707900047302,0.3717452883720398,-0.5380424857139587,0.4891262948513031,0.5865945219993591
4356,0.5974470376968384,0.4433407783508301,0.6934940218925476,-0.49133068323135376,0.6872126460075378,0.6925355792045593
2130,-0.6734250783920288,-0.6999844312667847,0.13032110035419464,0.6604552268981934,-0.6618675589561462,-0.3129483461380005
111,0.49607113003730774,0.6828622221946716,0.6895954608917236,0.35645586252212524,0.6875183582305908,0.699918270111084
1335,-0.05949820578098297,-0.03201999515295029,0.5881398916244507,0.08604086935520172,0.6579388976097107,0.5993322730064392
2373,-0.39997178316116333,-0.6983335614204407,-0.6802127957344055,0.5226038098335266,-0.6810668110847473,-0.5589687824249268
5914,0.6988855600357056,0.6421419978141785,0.5907845497131348,-0.671949028968811,0.6672718524932861,0.6488742828369141
5423,0.6931150555610657,-0.6364978551864624,-0.6031453609466553,-0.6034743785858154,-0.6016566157341003,-0.48092058300971985
4975,0.6985795497894287,0.6024614572525024,-0.2527492642402649,-0.6974903345108032,0.180434912443161,0.41349929571151733
5140,0.4834029972553253,0.6714203357696533,0.5887822508811951,-0.19152355194091797,0.5252764225006104,0.6993393898010254
3125,0.6286913156509399,-0.11441846936941147,0.32527250051498413,0.6504207849502563,0.25310152769088745,0.6533923745155334
671,0.5960543155670166,0.5375184416770935,0.3078789710998535,-0.5039882063865662,0.4020308554172516,0.6986349821090698
363,0.6998828053474426,-0.5059325098991394,-0.43156978487968445,-0.673303484916687,-0.6802932024002075,0.6985741257667542
4515,-0.15739448368549347,-0.6139904856681824,0.678043007850647,0.4899856448173523,0.47384628653526306,0.697272002696991
210,0.2794937491416931,-0.2624363303184509,-0.6096997857093811,-0.6371738314628601,-0.5951244831085205,0.5181542038917542
4282,0.6974121928215027,0.6987868547439575,0.5349572896957397,-0.2998233437538147,0.6472590565681458,0.6921870112419128
2971,0.5982160568237305,0.46789705753326416,0.538757860660553,-0.5396742820739746,0.5296229124069214,0.6997349262237549
3325,0.4737948179244995,0.1171901598572731,0.43287158012390137,-0.5148541331291199,0.3342713415622711,0.6988500356674194
5669,0.6999975442886353,0.6996220946311951,0.6869893074035645,-0.6995102763175964,0.6322972774505615,0.6706358790397644
3889,-0.18799397349357605,0.6338383555412292,0.6900205612182617,0.553834855556488,0.6842899322509766,0.6995407938957214
1321,0.669802725315094,0.6928053498268127,0.6205986738204956,-0.11599330604076385,0.6617270708084106,0.6913796067237854
937,-0.39279991388320923,-0.5907043814659119,0.5300910472869873,0.19487646222114563,0.4089442789554596,-0.12112311273813248
4207,0.6985363364219666,0.6859948635101318,0.6996761560440063,-0.689090371131897,0.6984872817993164,0.699052631855011
3849,-0.20193667709827423,0.2194727212190628,0.665137767791748,0.34282657504081726,0.6546316742897034,0.6596665382385254
1700,-0.34117138385772705,0.14482487738132477,0.6683279275894165,-0.4342678189277649,0.6609652638435364,0.6944555044174194
6346,0.6967243552207947,-0.44569113850593567,-0.2880112826824188,-0.669880747795105,-0.4823356568813324,-0.5019679665565491
5682,-0.024288926273584366,-0.6069056391716003,-0.6962775588035583,-0.3556171655654907,-0.6944384574890137,0.6697902083396912
5976,0.6948424577713013,0.6994431614875793,0.6879151463508606,-0.695824384689331,0.6937857270240784,0.6968098282814026
5866,0.6996743083000183,0.6204366683959961,-0.6602172255516052,-0.6947332620620728,-0.0685034766793251,0.03968331590294838
947,0.14762765169143677,0.5513148903846741,0.6991893649101257,0.18482525646686554,0.6971473693847656,0.6991121768951416
4617,0.6999987959861755,0.6999409198760986,0.6972010135650635,-0.698196291923523,0.6993793249130249,0.6999998688697815
6264,0.5972734093666077,-0.3600074350833893,-0.04253324121236801,-0.6347420811653137,-0.17618505656719208,0.6669030785560608
3895,0.6217247843742371,0.5827321410179138,0.6393270492553711,-0.42573994398117065,0.6080925464630127,0.6953713893890381
512,0.19374702870845795,-0.21921148896217346,0.6642177700996399,-0.4385184347629547,0.6531513333320618,0.6747564673423767
1762,0.29879847168922424,0.6862071752548218,0.6987110376358032,0.26911991834640503,0.6967991590499878,0.6999436616897583
4305,-0.6227816939353943,-0.6749428510665894,-0.6280110478401184,0.6369341611862183,-0.6376380324363708,-0.026642505079507828
229,-0.12021790444850922,0.5348390340805054,0.6320562362670898,0.4339251220226288,0.6095298528671265,0.6975904107093811
3223,0.02901402860879898,-0.43745794892311096,0.4459964632987976,-0.16275206208229065,0.23134224116802216,0.6094883680343628
4050,0.6374960541725159,0.5568889379501343,0.5873547792434692,-0.6175390481948853,0.5803333520889282,0.6762828230857849
3545,0.6378787159919739,0.6551599502563477,0.4206167161464691,-0.5170387625694275,0.5451337099075317,0.6951537728309631
3621,0.04629756882786751,0.3739703893661499,0.6828169822692871,-0.4919290840625763,0.6631611585617065,0.6889950037002563
6037,0.6926011443138123,0.4772416055202484,0.6599645018577576,-0.5829694867134094,0.5766101479530334,0.6999998688697815
5777,-0.16020184755325317,0.3687477111816406,0.6997070908546448,0.14976467192173004,0.6753338575363159,0.6997370719909668
722,0.5326005220413208,0.6089785695075989,0.6976552605628967,0.03585414960980415,0.6814099550247192,0.697884738445282
1706,-0.4357122778892517,-0.6470999717712402,-0.6234003305435181,0.2105216234922409,-0.615152895450592,0.6856770515441895
3737,0.6925540566444397,0.5104472041130066,0.44000014662742615,-0.6816827058792114,0.6066387295722961,0.6996293067932129
5690,0.3551802337169647,0.43131133913993835,0.6014519929885864,-0.3796055316925049,0.6438670754432678,0.653609037399292
3196,0.6986411809921265,0.6867594122886658,0.690079391002655,-0.6870198845863342,0.6913338303565979,0.6999732851982117
2711,0.3365107476711273,0.35445502400398254,0.6800673007965088,-0.4108254611492157,0.6498410105705261,0.6973667144775391
5091,0.5970131754875183,-0.5674660801887512,-0.6523577570915222,-0.6118881702423096,-0.6190412044525146,-0.6972055435180664
3478,0.6977858543395996,0.6577902436256409,0.6502730846405029,-0.6850208640098572,0.6448401212692261,0.6849836111068726
3094,0.1415865272283554,-0.39745640754699707,0.4549063444137573,0.04329749569296837,0.2119191735982895,0.6992624998092651
5314,0.6481819748878479,0.608174741268158,0.5337414145469666,-0.6405141353607178,0.6004132032394409,0.694017767906189
5425,0.6999464631080627,0.6978051066398621,0.698940634727478,-0.562095582485199,0.6905447840690613,0.6999980211257935
4750,-0.03494047373533249,0.397320032119751,0.6938179731369019,0.4995487332344055,0.6767340898513794,0.6975694298744202
3791,0.6899696588516235,0.6985016465187073,0.699974536895752,-0.6956068873405457,0.6997113823890686,0.6999951004981995
4549,0.6330018639564514,-0.2221844643354416,-0.6276131272315979,-0.6513952612876892,-0.6215088963508606,0.46840527653694153
2445,0.6920347809791565,0.07888181507587433,-0.6925137639045715,-0.6655407547950745,-0.519890308380127,0.37414661049842834
6017,0.35761675238609314,0.6488222479820251,0.6752227544784546,-0.5551391839981079,0.6773286461830139,0.6945545077323914
3989,-0.07959257811307907,-0.6332845091819763,-0.66070955991745,0.08391810953617096,-0.6426391005516052,-0.6505441069602966
1165,0.6999974250793457,0.6875255107879639,-0.04108085855841637,-0.6999943256378174,0.4372889995574951,0.69632488489151
3258,0.5858739614486694,0.4653669595718384,0.5581303238868713,-0.6266403794288635,0.6052303314208984,0.6961387991905212
1277,-0.579367995262146,-0.6999842524528503,-0.6931114792823792,0.5605789422988892,-0.6987655758857727,-0.6687994003295898
5946,0.4319937229156494,0.6385273933410645,0.6431822776794434,-0.09401744604110718,0.684790313243866,0.6840136051177979
4383,0.5293599367141724,0.6465645432472229,0.6253352165222168,-0.37791359424591064,0.6106086373329163,0.6852283477783203
3686,0.6401330232620239,0.6348779797554016,0.6964718103408813,-0.5242282152175903,0.6932814121246338,0.6990486979484558
6280,0.6966073513031006,0.6551080346107483,0.07123654335737228,-0.6931499242782593,-0.006699537392705679,0.6996199488639832
4302,-0.024704348295927048,-0.5666740536689758,-0.07305975258350372,-0.157881498336792,-0.19982974231243134,0.37244507670402527
6059,0.6999815702438354,0.6992295384407043,0.6855473518371582,-0.6981753706932068,0.6462774276733398,0.6999998688697815
1597,0.6919753551483154,0.6793431639671326,0.6058111190795898,-0.690639317035675,0.6709079742431641,0.6991022229194641
4236,0.5903053283691406,0.4826928377151489,-0.09411218017339706,-0.41079533100128174,-0.05486917868256569,0.6477238535881042
742,0.6735871434211731,0.20170682668685913,0.050849415361881256,-0.6812325716018677,-0.11713135987520218,0.6966219544410706
382,0.629091203212738,0.6953805088996887,0.6999381184577942,0.660033643245697,0.6990208625793457,0.699980616569519
6147,-0.26444897055625916,0.610230565071106,0.676611602306366,0.33132365345954895,0.6729252338409424,0.6990091800689697
3248,0.274747759103775,-0.49300482869148254,0.19738616049289703,0.13604293763637543,-0.2617184817790985,0.6651917099952698
2495,0.6100413799285889,0.5603837370872498,0.48996374011039734,-0.5025596618652344,0.6179912090301514,0.6775341629981995
1307,0.4664219319820404,-0.24706842005252838,0.14041581749916077,-0.17729543149471283,0.11012579500675201,0.6105569005012512
725,-0.4897680878639221,-0.5431919097900391,-0.6139051914215088,0.5733953714370728,-0.5992894172668457,0.26270344853401184
4621,0.3480268120765686,0.5380191206932068,0.6588083505630493,-0.48670488595962524,0.673412561416626,0.6629902720451355
751,0.19219224154949188,0.6888377070426941,0.6999988555908203,-0.6808773875236511,0.6999925971031189,0.6998401880264282
4098,0.6645275950431824,0.558759868144989,0.24222096800804138,-0.6616507768630981,0.4473314881324768,0.6920515298843384
6368,0.56075119972229,-0.2681291401386261,-0.6539288759231567,-0.5501270294189453,-0.6248282790184021,0.6181473731994629
4320,0.6998308300971985,0.6997025609016418,0.509057343006134,-0.687979519367218,0.6679259538650513,0.6857622861862183
1973,0.6650482416152954,-0.12133453041315079,-0.2925764322280884,-0.5743160843849182,-0.13912664353847504,0.628566324710846
2493,0.6999847292900085,0.6979012489318848,0.5081372261047363,-0.6999669671058655,0.6829355955123901,0.6999295353889465
5442,0.697603702545166,0.6884262561798096,0.22538217902183533,-0.6641798615455627,0.5095928907394409,0.48444804549217224
5162,0.4868433177471161,0.46762868762016296,0.4258742332458496,-0.4268997013568878,0.5771008729934692,0.432323157787323
5222,0.4710032641887665,0.6798450946807861,0.6213218569755554,-0.09561628848314285,0.6474341750144958,0.6994006633758545
2775,0.6992179751396179,0.6994301676750183,0.6744974255561829,-0.6943939924240112,0.6926180720329285,0.699983537197113
1396,0.2399064302444458,0.60466068983078,0.6955718994140625,-0.6246373057365417,0.6949684023857117,0.6978244781494141
5018,0.6999999284744263,0.6999999284744263,0.6771953105926514,-0.6999999284744263,0.6991103887557983,0.3781762719154358
3566,0.26230013370513916,0.6090894937515259,0.6931198835372925,0.5489104986190796,0.6646523475646973,0.6998879909515381
631,0.6999916434288025,0.6999999284744263,0.6978441476821899,-0.6912722587585449,0.6990318298339844,0.6984882950782776
872,0.4436991512775421,0.4836632013320923,0.6599575877189636,-0.2570062577724457,0.6292644739151001,0.6999890208244324
1160,-0.31000155210494995,-0.05488862842321396,0.6886973977088928,0.5830222368240356,0.671535074710846,0.3787507712841034
3893,0.6878247857093811,0.6995486617088318,-0.39251449704170227,-0.5179777145385742,0.0631728321313858,0.013354087248444557
706,0.6992878913879395,0.6823317408561707,0.2454221099615097,-0.66331547498703,0.3973168134689331,0.6999996900558472
1298,0.20804308354854584,0.04633920639753342,0.6827292442321777,0.3892481029033661,0.5384414196014404,0.6790496110916138
2106,-0.5993586778640747,-0.52362060546875,0.6507987380027771,0.30224311351776123,0.4128231406211853,0.6939606070518494
2134,-0.427304208278656,-0.5636033415794373,0.11653952300548553,0.42037126421928406,-0.18604785203933716,0.3021916151046753
2325,0.6999973654747009,0.6992417573928833,0.19397863745689392,-0.6998230218887329,0.581305205821991,0.6845375299453735
6357,0.3654870092868805,0.20951475203037262,0.6082448959350586,-0.46913012862205505,0.6302139759063721,0.6979533433914185
5035,0.6997019648551941,0.6999452710151672,0.5397467613220215,-0.6847488880157471,0.6553961634635925,0.6868430972099304
584,0.6935379505157471,0.6061235666275024,0.15262122452259064,-0.6877182126045227,0.3392817974090576,0.6327046751976013
4233,0.6949049234390259,0.696553111076355,0.6998851895332336,-0.2935669422149658,0.6995416283607483,0.6982662677764893
83,0.24305899441242218,0.6650300621986389,0.6994885206222534,0.5292216539382935,0.6966621279716492,0.6993197202682495
486,0.6580259799957275,0.694325864315033,0.1474916636943817,-0.4698902368545532,0.6414689421653748,0.648131787776947
3130,0.24419252574443817,-0.5128489136695862,-0.5308948755264282,0.05463485047221184,-0.5671914219856262,0.4696347415447235
3348,0.21382077038288116,0.6875677108764648,0.6991729140281677,0.6086561679840088,0.6980018019676208,0.6979082226753235
1891,0.4338769316673279,0.45199882984161377,0.6964707374572754,-0.11857159435749054,0.6811931133270264,0.6971853375434875
859,0.6953461766242981,0.06397292017936707,0.03867841884493828,-0.6872299313545227,-0.10670509189367294,0.6426206827163696
308,0.2634919583797455,0.13022077083587646,0.4171629548072815,-0.4762846827507019,0.4992120563983917,0.496070921421051
4476,-0.3967019021511078,-0.663548469543457,-0.6797374486923218,0.28352057933807373,-0.6787823438644409,-0.6573782563209534
2716,0.682953417301178,0.6981949806213379,-0.6662387847900391,-0.6738916635513306,0.0453910231590271,-0.5078793168067932
1350,0.10581208020448685,0.02684682048857212,0.5001658201217651,0.19704990088939667,0.3077775835990906,0.6701065301895142
3516,0.6999629735946655,0.6785160899162292,0.2577396631240845,-0.6984512209892273,0.24855905771255493,0.6999975442886353
5964,0.37800419330596924,0.44761407375335693,0.6999903321266174,-0.42097967863082886,0.6864908337593079,0.6999938488006592
6126,0.6787461042404175,0.6533707976341248,0.2799872159957886,-0.6763454079627991,0.4770904779434204,0.6968361735343933
4060,-0.4103279411792755,-0.6990432143211365,-0.6339163184165955,0.18992839753627777,-0.6791871786117554,0.6675845384597778
3818,0.5144475102424622,0.5483869910240173,0.6972864866256714,-0.3730221688747406,0.6926457285881042,0.689611554145813
1726,0.6999871730804443,-0.06433840095996857,-0.6244497895240784,-0.6997592449188232,-0.6089807152748108,-0.3237457573413849
166,-0.23933912813663483,0.05363311991095543,0.6829721927642822,0.26203250885009766,0.6753098964691162,0.5892970561981201
468,0.3067828118801117,0.5227590203285217,0.6890275478363037,-0.2329186201095581,0.6812385320663452,0.6958186626434326
1482,0.6962169408798218,0.6959295272827148,0.63946533203125,-0.326297789812088,0.6126865148544312,0.5925077199935913
3267,0.290484219789505,-0.3728349208831787,0.48392724990844727,0.4127369821071625,0.23523104190826416,0.6504281759262085
6275,0.6725456118583679,0.678264319896698,0.6842045187950134,-0.6095786094665527,0.6941025853157043,0.6994855999946594
6119,0.6958981156349182,0.5580436587333679,-0.6912818551063538,-0.6960061192512512,-0.6864649653434753,-0.6629719138145447
4214,-0.425331175327301,-0.6149212718009949,-0.33485841751098633,0.46608367562294006,-0.522189199924469,0.614366888999939
691,0.6994039416313171,0.6995224356651306,0.6997138857841492,-0.6849960088729858,0.6988538503646851,0.6999980807304382
3555,0.14044532179832458,0.4671158790588379,0.6971563100814819,-0.5520254373550415,0.6961542367935181,0.6955041289329529
125,0.5713990926742554,0.5947589874267578,-0.6567007899284363,-0.6525751948356628,-0.46516427397727966,0.3560244143009186
5403,0.6681728363037109,0.6859905123710632,0.5893056392669678,-0.6718379259109497,0.6647763252258301,0.6986815333366394
3805,0.6603067517280579,0.5867367386817932,0.40894776582717896,-0.08907417207956314,0.48067399859428406,0.6998419165611267
644,0.48834308981895447,0.49105918407440186,0.6991118788719177,-0.39662203192710876,0.6983625292778015,0.6543436050415039
5670,0.558014988899231,0.6484995484352112,0.31614431738853455,-0.29936954379081726,0.6059054732322693,0.6348608136177063
4951,-0.40484189987182617,-0.22424662113189697,0.5327874422073364,0.33064982295036316,0.4001111686229706,0.6973947882652283
4798,0.3250928819179535,-0.12077920138835907,0.4905492067337036,0.031937576830387115,0.33916372060775757,0.6986886858940125
1029,0.3355756998062134,0.6167949438095093,0.6995593905448914,0.29517385363578796,0.6932851672172546,0.6958786845207214
1512,0.5925878882408142,0.5594942569732666,0.6992143392562866,-0.5970080494880676,0.6964327692985535,0.6821635365486145
3710,0.24510248005390167,0.5396378636360168,0.25184446573257446,0.4590640962123871,0.454569011926651,0.5650712847709656
5010,0.3768087327480316,-0.4071335792541504,-0.3180481195449829,-0.0449015311896801,-0.2678990960121155,0.5972287058830261
5665,0.30798065662384033,-0.0731593519449234,0.697760820388794,0.6321496367454529,0.5118177533149719,0.6994993090629578
2954,-0.34075045585632324,0.5007868409156799,0.6999996900558472,0.6944541931152344,0.6994869709014893,0.6999984383583069
5258,0.3217848241329193,0.12293200939893723,0.46456822752952576,0.21100346744060516,0.40825414657592773,0.6858795881271362
4576,0.4700053036212921,-0.6134060621261597,-0.2364824265241623,-0.4025459289550781,-0.38995060324668884,-0.6547617316246033
822,0.557344913482666,-0.3230688273906708,-0.29440250992774963,-0.5413933396339417,-0.3958883285522461,0.6924935579299927
17,-0.092015840113163,-0.46675944328308105,0.1481599658727646,0.342256098985672,0.09764838218688965,0.02682333067059517
1641,-0.43969079852104187,-0.6770241856575012,-0.6955866813659668,0.4186244010925293,-0.6886800527572632,-0.6555989980697632
1286,-0.1819467842578888,-0.618590235710144,-0.3780825734138489,0.3537641167640686,-0.5623084306716919,-0.04955418407917023
885,-0.10934965312480927,-0.5653694272041321,0.13980601727962494,0.019875727593898773,-0.4055624008178711,0.6411654949188232
3150,-0.6594874858856201,-0.6841325759887695,0.06646285951137543,0.6533316373825073,-0.5262408256530762,0.6142786145210266
140,0.6945639252662659,0.6559855341911316,-0.038511648774147034,-0.40962454676628113,0.19676616787910461,0.41221943497657776
3330,0.6938194632530212,0.5213971138000488,0.3142426311969757,-0.6982288956642151,0.5517882108688354,0.6998482346534729
1896,0.6999898552894592,0.6929214000701904,0.6515454053878784,-0.6998752951622009,0.6854523420333862,0.6999977827072144
3890,-0.5984527468681335,-0.6760088801383972,0.6770076751708984,0.30677902698516846,0.3827190101146698,0.6829009056091309
2858,0.6797921657562256,-0.21219536662101746,0.014974814839661121,-0.5363056659698486,0.11367755383253098,0.6986533999443054
5626,0.6954309344291687,0.6895224452018738,-0.6798020005226135,-0.6901046633720398,-0.6228083968162537,-0.6524203419685364
306,0.5292773246765137,0.5341033935546875,0.5949825048446655,-0.5819095969200134,0.6110027432441711,0.6818721294403076
1025,0.6999959945678711,0.699734628200531,0.6763051152229309,-0.6942121386528015,0.6940047740936279,0.6999998688697815
3300,0.6992103457450867,0.2753197252750397,0.6751912832260132,-0.6734138131141663,0.613336443901062,0.6957119107246399
847,-0.19486941397190094,0.15113258361816406,-0.5072699189186096,0.1145574226975441,-0.4766831696033478,-0.4212327003479004
2238,0.6254535913467407,-0.5941950082778931,0.47960561513900757,-0.5899344682693481,0.27072715759277344,0.6933655738830566
195,0.5054672360420227,-0.46047013998031616,0.01995234377682209,-0.4594256579875946,-0.2721477150917053,0.42781075835227966
4252,-0.505751371383667,-0.6310133934020996,-0.39180007576942444,0.5150347352027893,-0.48201310634613037,0.24539028108119965
6296,0.4446793794631958,0.24532385170459747,0.6925086379051208,-0.31870317459106445,0.6677334904670715,0.5998757481575012
779,0.631679892539978,0.6976208686828613,0.6992347240447998,-0.3766099512577057,0.6988106369972229,0.6980395317077637
1123,0.30220773816108704,-0.27153071761131287,0.4465167820453644,-0.23520971834659576,0.35512518882751465,0.6789272427558899
1076,0.6727347373962402,0.5844881534576416,-0.4883769452571869,-0.5605018734931946,-0.40739428997039795,0.356932669878006
3113,0.5917478799819946,-0.25231900811195374,-0.3791106939315796,-0.6292757987976074,-0.36485594511032104,0.4820364713668823
3533,0.14115138351917267,0.618546187877655,0.5592469573020935,-0.09122725576162338,0.45251432061195374,0.6988418698310852
734,0.12020696699619293,0.5559727549552917,0.6991578340530396,-0.17801634967327118,0.6908866763114929,0.6997060179710388
236,0.6990728378295898,0.6393212676048279,0.6817039251327515,-0.6656185388565063,0.6603785753250122,0.6989168524742126
4258,0.48468130826950073,0.69716876745224,0.6949607133865356,-0.4124009609222412,0.6915290355682373,0.6978676915168762
2273,0.5505298972129822,0.6209261417388916,0.691247820854187,-0.587971031665802,0.6874498724937439,0.6986898183822632
5109,-0.24873866140842438,-0.3995215594768524,0.6604047417640686,-0.0898294746875763,0.6145626306533813,0.5701432824134827
5671,0.4760344624519348,0.6683549880981445,0.6746668219566345,-0.48581424355506897,0.6876721382141113,0.6045709252357483
3550,0.5584633350372314,0.6368090510368347,0.6262744665145874,0.43873026967048645,0.6243489980697632,0.6166971921920776
2618,0.07696747779846191,0.6344612240791321,0.6838259696960449,0.24608652293682098,0.6855758428573608,0.6666529178619385
2835,-0.42808666825294495,-0.6876306533813477,0.1748451292514801,0.4084641635417938,-0.5142185091972351,0.5925984382629395
814,0.39997172355651855,-0.575838029384613,-0.4592236876487732,-0.47538015246391296,-0.5122067332267761,0.5596151947975159
1648,0.037250783294439316,-0.6752005815505981,0.05171245336532593,0.4203747510910034,-0.27735915780067444,0.6665483117103577
2420,0.6992297768592834,0.6471710205078125,0.692171037197113,0.14041948318481445,0.6889065504074097,0.6999978423118591
3904,0.6108918190002441,-0.00893936026841402,0.46646514534950256,-0.5229471921920776,0.4521286189556122,0.6951032280921936
5870,-0.44001224637031555,-0.6609589457511902,0.6928776502609253,-0.11556202918291092,0.5316160321235657,0.6896107792854309
3074,0.625433087348938,-0.6991987824440002,-0.6815789937973022,-0.544648289680481,-0.6893537044525146,0.24374966323375702
3863,-0.3466409742832184,-0.5812646150588989,-0.15796706080436707,0.3625136613845825,-0.2681601941585541,0.5328760147094727
4987,0.01672198437154293,0.3122456967830658,0.662544846534729,-0.16898345947265625,0.6538723111152649,0.6896412372589111
4417,-0.10448618233203888,0.40410947799682617,0.6575747132301331,-0.4565322697162628,0.6592216491699219,0.6953738927841187
783,0.5365232825279236,0.672675371170044,0.6985514760017395,0.03967371955513954,0.6968755722045898,0.6999704241752625
2628,0.46343836188316345,0.3543764650821686,0.6698647737503052,-0.5584996938705444,0.6284697651863098,0.6991556882858276
5684,0.24000099301338196,0.3069486618041992,0.62400883436203,0.44787248969078064,0.5644774436950684,0.626838207244873
4272,0.5710047483444214,0.6916671991348267,0.6999370455741882,-0.256358802318573,0.6976189613342285,0.6999400854110718
5428,0.6999989748001099,0.699960470199585,0.6489449143409729,-0.6999956369400024,0.6601177453994751,0.6997690796852112
2860,-0.6332072615623474,-0.5567644238471985,-0.22057272493839264,0.5045838356018066,-0.4499934911727905,0.17459124326705933
29,0.20781713724136353,-0.6909757256507874,-0.23243603110313416,0.31912946701049805,-0.6256530284881592,0.6831269264221191
5153,0.6954631209373474,0.6993611454963684,0.6930768489837646,-0.6950479745864868,0.6926445364952087,0.6999819874763489
1718,0.6999993324279785,0.6999395489692688,0.5380622148513794,-0.05713200196623802,0.6922628879547119,0.6999998688697815
5317,0.6720837354660034,0.6674985289573669,0.09941721707582474,-0.6699334979057312,0.36130911111831665,0.6923925280570984
5750,0.6996932625770569,0.6035872101783752,0.528446614742279,-0.6993547677993774,0.36651918292045593,0.6042683720588684
5895,0.47599783539772034,0.6748479604721069,0.6899238228797913,-0.6667947769165039,0.698247492313385,0.6971692442893982
5729,0.6801435351371765,0.6830815672874451,-0.15526241064071655,-0.5652382969856262,0.26880189776420593,0.6565963625907898
4475,0.5985032320022583,-0.02857886254787445,0.6538932919502258,-0.4889437258243561,0.5824276208877563,-0.11661079525947571
2267,0.686418890953064,0.6365211606025696,0.1061498150229454,-0.6803237795829773,0.3179861009120941,0.6952682733535767
5788,0.6714445352554321,0.5119870901107788,0.5240725874900818,-0.569993793964386,0.5147498846054077,0.6998921632766724
6114,-0.4096706211566925,-0.37289735674858093,-0.5379077196121216,0.41359537839889526,-0.33597707748413086,-0.32667088508605957
711,-0.44166845083236694,0.4019520580768585,0.6999997496604919,-0.5035138726234436,0.6999379396438599,0.6999989748001099
2304,0.40335220098495483,0.6585023999214172,0.5212810635566711,-0.29050832986831665,0.6029878258705139,0.6459345817565918
345,0.6625552177429199,0.6923799514770508,0.6768490672111511,-0.32169389724731445,0.6706957817077637,0.6997082233428955
1026,0.6793554425239563,0.6870245933532715,0.05073091387748718,-0.6297659277915955,0.4920428693294525,0.673107385635376
3973,0.6983221769332886,0.6997798085212708,0.6993654370307922,-0.034309905022382736,0.6998007297515869,0.6999996304512024
4865,-0.4407811760902405,0.6887730956077576,0.6983658671379089,0.6790780425071716,0.6958406567573547,0.6994278430938721
4652,-0.3162548243999481,-0.5120006799697876,0.1611223667860031,0.410078227519989,-0.35912182927131653,0.544503390789032
2194,0.6819921135902405,0.663630485534668,0.6832957863807678,-0.6936144232749939,0.6950807571411133,0.6997025609016418
2375,0.5592564344406128,0.2678091526031494,0.6752426624298096,-0.635518491268158,0.6601658463478088,0.6998257040977478
55,0.6396132111549377,0.6985677480697632,0.6971701383590698,-0.6513732671737671,0.6910651922225952,0.6999943852424622
4375,0.5092430710792542,-0.6990387439727783,-0.6789500713348389,-0.5736566185951233,-0.6880270838737488,0.6927074193954468
4835,0.6101887226104736,-0.029476281255483627,-0.0012049200013279915,-0.6606028079986572,-0.07511977106332779,-0.23754090070724487
5937,0.6590123772621155,-0.027998069301247597,0.14950910210609436,-0.6072774529457092,0.25188907980918884,-0.18841154873371124
2982,0.6775838136672974,-0.2940506339073181,-0.6999990940093994,-0.6856813430786133,-0.6999944448471069,0.6577709913253784
1785,0.6999993324279785,0.6984828114509583,0.19245417416095734,-0.6999983191490173,0.6826019287109375,0.6999966502189636
3930,0.19102557003498077,0.3136388063430786,0.5421534180641174,0.24601618945598602,0.4792093336582184,0.6932308077812195
6020,0.6987106800079346,0.6945716738700867,0.5831270813941956,-0.691377580165863,0.6518682837486267,0.6993852853775024
3321,0.6998719573020935,0.6680752635002136,-0.5900406837463379,-0.6969044208526611,0.2542831003665924,-0.22883720695972443
2352,0.4034300744533539,-0.37077534198760986,0.2667942941188812,0.47401800751686096,0.19026654958724976,0.6478490233421326
177,-0.5014705657958984,-0.6963334679603577,0.6044015884399414,0.6484656929969788,0.2049378901720047,0.6965115070343018
843,0.6999998688697815,0.6999833583831787,-0.5543623566627502,-0.6999997496604919,0.22172464430332184,-0.47476479411125183
526,0.6278086304664612,0.6255640983581543,0.6844235062599182,-0.19079065322875977,0.6791384220123291,0.6609395146369934
3886,0.5805842280387878,0.45687323808670044,-0.3862498998641968,-0.37574082612991333,0.41437914967536926,-0.4741057753562927
1820,0.4556826949119568,0.3186904788017273,-0.27607160806655884,-0.4197784662246704,-0.0895761027932167,0.37000325322151184
4966,0.1865241527557373,0.2476697415113449,0.49848929047584534,-0.22631695866584778,0.5169954299926758,0.5061212778091431
4995,-0.09173643589019775,0.6891712546348572,0.5988893508911133,0.46371930837631226,0.6329706311225891,0.6437634825706482
4496,0.2826586365699768,0.6717997789382935,0.6995689272880554,0.023423459380865097,0.6993433237075806,0.699959397315979
1652,0.5395469069480896,0.2946206331253052,0.10699019581079483,-0.42845386266708374,0.3284204602241516,0.5799577832221985
5099,-0.05102978274226189,0.5580229163169861,0.6073626279830933,-0.3224070966243744,0.6048651337623596,0.666650116443634
5127,0.13548900187015533,0.5781629681587219,0.6999998092651367,-0.03358505666255951,0.6999771595001221,0.6999998092651367
4179,0.6442795991897583,0.007734635379165411,0.15846861898899078,-0.6609940528869629,0.28541257977485657,0.6997005343437195
2202,0.6941202282905579,0.5407245755195618,-0.6569939255714417,-0.6794304847717285,-0.6208500266075134,-0.04900263622403145
2480,0.6148607134819031,0.43766871094703674,-0.27845168113708496,-0.32595235109329224,-0.007275897543877363,0.09023302048444748
553,0.6324909329414368,-0.6027569770812988,-0.6991463899612427,-0.6652517318725586,-0.6979812383651733,0.6982770562171936
5349,0.6994972825050354,0.6943881511688232,0.48858073353767395,-0.6929277777671814,0.5838426351547241,0.5160573720932007
3270,0.3044523298740387,0.6196969151496887,0.07196488231420517,-0.36768674850463867,0.16730953752994537,0.6972344517707825
237,-0.5707098245620728,-0.11345413327217102,0.6999708414077759,-0.09833623468875885,0.6961678862571716,0.6999593377113342
2952,0.5362429022789001,-0.5256877541542053,0.48994728922843933,-0.6968294978141785,0.4078255295753479,0.6926401853561401
1938,-0.32345423102378845,-0.6578302383422852,-0.6914702653884888,0.567764401435852,-0.6944844126701355,-0.6765788197517395
5515,-0.08385690301656723,0.6142227053642273,0.6991481184959412,0.3842485547065735,0.6973955631256104,0.6999003887176514
5724,-0.0219369325786829,0.5673887729644775,0.492550253868103,0.34011486172676086,0.529049277305603,0.6530094742774963
985,0.4251127541065216,0.3007921874523163,0.579498291015625,0.1414443850517273,0.45136895775794983,0.6592451333999634
2580,0.6259547472000122,0.6332283616065979,0.6933566927909851,-0.67939692735672,0.6955578327178955,0.6979372501373291
390,0.2963367700576782,0.301787406206131,0.5570769309997559,0.36613380908966064,0.5042951107025146,0.45307666063308716
490,-0.65670245885849,-0.3950376510620117,0.32992425560951233,0.6786631345748901,0.011401628144085407,0.6078696250915527
2872,0.4434164762496948,0.3334185779094696,0.6238555312156677,-0.5407369136810303,0.5705115795135498,0.6990419030189514
963,0.6998732686042786,0.6992610096931458,0.6998714208602905,-0.6821199655532837,0.6999015212059021,0.6999930739402771
1657,0.3734408915042877,0.3983139991760254,0.5706047415733337,-0.4329800307750702,0.5668801069259644,0.6013772487640381
5859,0.22858826816082,0.33975645899772644,0.6932244300842285,-0.5707778334617615,0.6842252016067505,0.6999502778053284
1485,0.6998312473297119,0.660780131816864,0.6563077569007874,-0.6997724175453186,0.6736433506011963,0.6955812573432922
3537,0.6558287739753723,0.3980638086795807,0.470335453748703,-0.6528385877609253,0.5767773985862732,0.653717577457428
6241,0.6976941823959351,0.652800440788269,-0.02318037860095501,-0.6735926270484924,0.31447142362594604,0.6971049308776855
2326,0.6800673007965088,0.242925226688385,-0.6056196093559265,-0.690805196762085,-0.476149320602417,0.6110645532608032
2974,0.4758932590484619,0.5998514890670776,0.6986790895462036,-0.47600600123405457,0.6760566234588623,0.6999037265777588
2161,0.514707624912262,-0.4583435654640198,0.1719801127910614,-0.2697557210922241,-3.718759762705304e-05,0.2593916952610016
2014,0.551457405090332,0.512426495552063,0.6951379179954529,-0.6757975816726685,0.6778313517570496,0.6999638676643372
5749,0.6641020178794861,0.6547267436981201,0.692252516746521,0.5926436185836792,0.6810175776481628,0.6988552808761597
6074,0.1680765599012375,0.5936916470527649,0.6882431507110596,-0.31821495294570923,0.6878276467323303,0.6926866173744202
1166,-0.2985631227493286,-0.6607790589332581,0.6999915838241577,0.6702156066894531,0.6819271445274353,0.6996371150016785
4540,0.2600038945674896,0.34358441829681396,0.6410852074623108,-0.03478659689426422,0.5504295825958252,0.6520269513130188
4310,-0.18179842829704285,-0.6998327970504761,0.32062819600105286,-0.32295531034469604,-0.5482594966888428,0.6086368560791016
6383,0.6998975872993469,0.6981673836708069,-0.6369439363479614,-0.6990147233009338,-0.351958304643631,-0.653329610824585
4612,0.6999799013137817,0.6626055836677551,0.2945696711540222,-0.6902165412902832,0.44369742274284363,0.6999916434288025
2667,0.666419267654419,0.4933784306049347,-0.6977559328079224,-0.678799569606781,-0.6956680417060852,-0.5623215436935425
5137,0.33397218585014343,-0.6520379185676575,0.5083318948745728,-0.5219159126281738,0.0012107723159715533,0.1760246902704239
2424,0.2210109680891037,-0.20979082584381104,-0.05233696475625038,0.06124086678028107,-0.1932797133922577,0.47855499386787415
1292,0.664078414440155,0.4563104212284088,0.6546579003334045,-0.6290776133537292,0.5192279815673828,0.699475109577179
5004,0.6480512619018555,0.6687301993370056,0.6570859551429749,-0.43544265627861023,0.6486990451812744,0.6995540857315063
5983,0.5525474548339844,0.4665648639202118,0.16340318322181702,-0.5101796388626099,0.3338034749031067,0.6048541069030762
4398,0.47497227787971497,0.43829625844955444,0.45694470405578613,-0.5056552290916443,0.30289366841316223,0.6697264313697815
3093,0.6538899540901184,0.5848395228385925,0.2169247567653656,-0.6333457231521606,0.3728199601173401,0.6035918593406677
1325,0.6133598685264587,0.6775484681129456,0.6974014639854431,-0.0909297987818718,0.6748977899551392,0.6995329260826111
1586,-0.3733968436717987,0.6181486248970032,0.6731604337692261,0.5654019117355347,0.6829349994659424,0.6670456528663635
34,-0.23552024364471436,-0.6974812746047974,-0.6759300827980042,0.4931802749633789,-0.6766200661659241,0.5719008445739746
3719,0.667478084564209,0.5701083540916443,0.5525068044662476,-0.40831419825553894,0.6186017394065857,0.6173504590988159
1230,0.6279374957084656,0.5781185030937195,0.21686211228370667,-0.570611834526062,0.4558347761631012,0.6742531061172485
6039,0.5721034407615662,0.6592803597450256,0.6814315915107727,0.4934970438480377,0.6833505630493164,0.698893129825592
1959,0.6866531372070312,0.4661684036254883,-0.5421971678733826,-0.6815025210380554,-0.4884431064128876,0.5283696055412292
5135,0.6761519312858582,0.6923324465751648,0.6749137043952942,-0.5144972205162048,0.6727200150489807,0.6996929049491882
1215,0.18344612419605255,-0.6397806406021118,-0.5933489799499512,0.3600916862487793,-0.6133691072463989,-0.4441766142845154
5936,0.3347800672054291,-0.47691795229911804,0.4832143485546112,-0.07101608067750931,0.5252907872200012,-0.41691097617149353
3950,0.5105761885643005,-0.1898205727338791,-0.5937298536300659,-0.15793029963970184,-0.5816820859909058,-0.35994377732276917
5574,0.553149402141571,0.6906492114067078,0.6981233954429626,0.35587456822395325,0.6977189183235168,0.6990814208984375
3145,0.07362481951713562,-0.5253942012786865,-0.47548428177833557,-0.021739497780799866,-0.4882395565509796,-0.0646061897277832
397,0.6205085515975952,0.6856204271316528,0.4431897699832916,-0.6223481893539429,0.5469308495521545,0.69454425573349
4959,0.6708000302314758,0.695597231388092,-0.6358196139335632,-0.6628921627998352,-0.33491742610931396,0.652597188949585
5844,0.6344675421714783,-0.6988393664360046,-0.6933654546737671,-0.42792749404907227,-0.6975173354148865,0.6966593861579895
4684,-0.04641137272119522,-0.40279361605644226,-0.6051208972930908,0.18550769984722137,0.23675981163978577,-0.6380162239074707
4666,0.3373286724090576,-0.04890907183289528,0.49250537157058716,-0.6323145627975464,0.4386497437953949,0.6968656182289124
5809,0.695425271987915,0.6945313215255737,0.658319354057312,-0.2881813049316406,0.6304847002029419,0.6999967694282532
6000,0.6970546841621399,0.6988252401351929,0.4403613805770874,-0.6928254961967468,0.6465854644775391,0.6999913454055786
6061,0.5862802863121033,0.21598270535469055,0.2674311101436615,0.014119822531938553,0.31590357422828674,0.6075989007949829
3121,-0.5252746939659119,-0.6159700751304626,0.4312998950481415,0.15849098563194275,-0.12596073746681213,0.6401288509368896
5715,0.6798573732376099,0.20041531324386597,0.17631426453590393,-0.6882150173187256,0.38967594504356384,0.6980644464492798
3991,0.42946308851242065,-0.515643298625946,-0.68418949842453,-0.5566524267196655,-0.6914585828781128,-0.6269400119781494
5347,0.6109461188316345,0.6507679224014282,0.37779057025909424,0.2604638636112213,0.5564692616462708,0.5866854190826416
4721,0.42961835861206055,0.6698433756828308,0.6523044109344482,-0.11819621920585632,0.6734811067581177,0.6782802939414978
2751,0.6430482864379883,0.6178625226020813,0.6705732345581055,-0.6194658279418945,0.6735629439353943,0.6805523037910461
5618,0.259409099817276,0.6836735606193542,0.679364800453186,-0.2770186960697174,0.6919318437576294,0.6950972676277161
5637,0.6757145524024963,0.6994463205337524,0.6131765246391296,-0.05458565428853035,0.6072190999984741,0.6998354196548462
4999,0.6429665088653564,0.4761592447757721,0.4238226115703583,-0.6466718912124634,0.5934997797012329,0.6236642003059387
2332,-0.12623536586761475,-0.34026286005973816,0.1504889577627182,0.12725305557250977,0.10619568824768066,0.539884626865387
2185,0.2220340520143509,0.4714123010635376,0.6942039132118225,-0.13364800810813904,0.688569962978363,0.6261125802993774
2664,0.6563023924827576,0.6738643646240234,0.32830318808555603,-0.4283185303211212,0.45221787691116333,0.6612871885299683
3844,-0.1585603505373001,-0.610060453414917,0.5761948823928833,0.354708731174469,0.2665953040122986,0.6372995376586914
2356,0.04401580989360809,-0.1919756382703781,0.2481953650712967,0.04058530926704407,0.3169228434562683,0.42422062158584595
4609,0.6973799467086792,0.637977659702301,0.4439842402935028,-0.6918354630470276,0.5810790657997131,0.5224247574806213
5621,0.6999998688697815,0.6999990940093994,-0.6948211789131165,-0.6999901533126831,0.3112150728702545,-0.5735073685646057
2578,0.6870818138122559,0.5806344151496887,-0.6683244705200195,-0.6318543553352356,-0.311684250831604,-0.3298760652542114
2327,0.6975213885307312,0.3042800724506378,-0.3779875338077545,-0.6949861645698547,-0.41644614934921265,0.6982489824295044
251,0.36434340476989746,-0.6781967878341675,-0.6814630031585693,-0.4171719253063202,-0.6693880558013916,0.41162002086639404
5304,-0.6208844184875488,-0.667586088180542,-0.2044508457183838,0.6364841461181641,-0.4497627913951874,-0.17254380881786346
1730,0.46845850348472595,0.06437024474143982,0.2530190348625183,-0.06440253555774689,0.19408930838108063,0.529266357421875
3846,0.41514235734939575,-0.3044501543045044,-0.08497720956802368,-0.07390571385622025,-0.42444658279418945,0.6952567100524902
869,0.6766303181648254,0.6951866745948792,0.6945967674255371,-0.04425281658768654,0.6952532529830933,0.69984370470047
1018,0.11950455605983734,0.32517799735069275,0.6970598697662354,-0.2515811026096344,0.6945311427116394,0.6732121706008911
4781,0.5243377685546875,0.4284276068210602,0.5860641002655029,0.08719031512737274,0.5669600963592529,0.6851364374160767
4851,0.6999711394309998,0.6887000203132629,-0.23507317900657654,-0.6996038556098938,0.22838473320007324,0.6999962329864502
1602,0.5926666259765625,0.6650053858757019,0.6998951435089111,-0.009842349216341972,0.6986442804336548,0.699992835521698
4604,0.3732902705669403,0.6432647705078125,0.6353585124015808,0.21239563822746277,0.6720175743103027,0.6505563259124756
886,-0.32629039883613586,0.5376341342926025,0.6999965906143188,0.09031987935304642,0.6998379230499268,0.699984610080719
3631,0.6857830286026001,0.6983622908592224,0.6647507548332214,-0.6854640245437622,0.6669883131980896,0.6999347805976868
6297,0.5031967163085938,-0.26411592960357666,-0.3939310312271118,-0.5954465270042419,-0.08489365130662918,0.6412134170532227
5019,0.6694451570510864,0.607283353805542,0.5979787111282349,-0.696770191192627,0.6390455365180969,0.6996211409568787
4283,0.6571337580680847,0.6624640226364136,0.6450856328010559,-0.6442434787750244,0.6448549628257751,0.69627445936203
5497,0.5222347378730774,-0.6256478428840637,-0.6935213208198547,-0.4640515148639679,-0.6833255887031555,0.42789706587791443
1976,0.5502389073371887,0.5210442543029785,0.5996690988540649,-0.4966738522052765,0.5072956085205078,0.6994493007659912
2778,0.655031681060791,0.41339027881622314,-0.39774173498153687,-0.6559613347053528,-0.34883254766464233,0.04788980260491371
1208,-0.1814023107290268,-0.5824941992759705,0.20001216232776642,0.33153486251831055,-0.2902257740497589,0.6435995101928711
5837,0.6964409351348877,0.6497083306312561,0.5949720740318298,-0.6943377256393433,0.6222426295280457,0.6676039099693298
4255,0.6986029148101807,0.6035183072090149,-0.2525663673877716,-0.6946122646331787,0.07597261667251587,0.6999959349632263
3694,0.6993839740753174,0.5784760117530823,-0.6455000638961792,-0.6973124146461487,-0.0926465392112732,0.31525570154190063
1900,0.6974987387657166,0.1606636345386505,0.6620376110076904,-0.6474187970161438,0.6293743252754211,0.6997270584106445
5595,0.6843733787536621,0.6888893246650696,0.5421959757804871,-0.6884298324584961,0.5894837379455566,0.6999848484992981
3785,0.3983747661113739,-0.5042612552642822,-0.6437344551086426,-0.42831525206565857,-0.6343775987625122,0.42032864689826965
3572,0.699792742729187,0.22075846791267395,-0.699995219707489,-0.6987832188606262,-0.6996009349822998,0.5081583261489868
3842,0.6513068675994873,0.5736305713653564,0.6143476366996765,-0.2081192135810852,0.6347076296806335,0.6999542117118835
1095,0.6693490743637085,-0.22232353687286377,-0.060365717858076096,-0.48187100887298584,-0.055104680359363556,-0.13193538784980774
6121,0.6603113412857056,-0.251277357339859,-0.45280125737190247,-0.6479702591896057,-0.28526782989501953,0.6998530030250549
1523,0.614069938659668,0.6819992661476135,0.6782053709030151,0.6131998896598816,0.6872993111610413,0.573492169380188
2252,0.6999191045761108,0.6824809312820435,0.6996111273765564,-0.6996056437492371,0.6759201884269714,0.6998395919799805
156,0.4062212109565735,-0.27990880608558655,-0.2563093304634094,-0.09672684222459793,-0.3058009445667267,0.3380277752876282
1469,0.6936302185058594,0.629627525806427,0.35227325558662415,-0.6875890493392944,0.5412450432777405,0.6994680762290955
5607,0.6986790895462036,0.350101113319397,-0.6178227663040161,-0.6944752931594849,-0.10100726038217545,-0.5761215686798096
19,0.689877450466156,0.5785443782806396,0.48111364245414734,-0.5836191177368164,0.5724070072174072,0.6999340057373047
2504,0.28741928935050964,-0.13595861196517944,0.10971030592918396,-0.4472562372684479,0.07078827917575836,0.6635399460792542
2453,0.630285382270813,0.2724494934082031,-0.4468948245048523,-0.5522060990333557,-0.16074694693088531,0.2760792672634125
2458,0.3122243285179138,0.33381158113479614,0.36529138684272766,0.1346973180770874,0.5001405477523804,0.1534705013036728
4091,0.29819339513778687,0.35550519824028015,0.6614636182785034,0.11898992955684662,0.6115200519561768,0.6661984920501709
3287,-0.4509175717830658,-0.46090054512023926,0.6398203372955322,0.430316299200058,0.46177005767822266,0.6951340436935425
2738,0.6999648213386536,0.5995150208473206,-0.4852294921875,-0.6999673843383789,0.19670994579792023,0.3470465838909149
3524,0.6983642578125,0.6774831414222717,-0.6707777976989746,-0.6876932978630066,-0.19846324622631073,0.048531778156757355
4746,0.06827990710735321,0.5428934693336487,0.6861805319786072,0.30107200145721436,0.6724571585655212,0.6680638790130615
5319,0.46195560693740845,-0.5045293569564819,-0.6254044771194458,-0.5375527143478394,-0.6197163462638855,0.6034147143363953
4289,0.5589390397071838,0.5763108134269714,0.6942816376686096,-0.10711654275655746,0.6954702734947205,0.522692859172821
1539,0.16057071089744568,0.3526908755302429,0.6959497332572937,-0.6681331992149353,0.668159544467926,0.6999958753585815
2443,0.19572974741458893,0.4549219012260437,-0.6827918291091919,-0.22659917175769806,-0.4656374454498291,-0.5384383797645569
1191,0.6993618607521057,0.388217031955719,-0.6436703205108643,-0.6983119249343872,-0.6018823981285095,0.27457770705223083
3373,-0.6475954651832581,-0.6999801397323608,-0.6996904611587524,-0.005286552477627993,-0.6999208927154541,0.6992942690849304
1564,0.2875058352947235,0.5460270047187805,0.5571693181991577,0.09221654385328293,0.5815616250038147,0.6729369163513184
4644,0.626950204372406,0.6485016345977783,0.6204491257667542,-0.6458460688591003,0.6481718420982361,0.6985170841217041
118,-0.026095276698470116,-0.25782641768455505,-0.21617652475833893,-0.08960192650556564,-0.26865091919898987,-0.11300047487020493
3521,0.6974082589149475,0.6740027666091919,0.6467122435569763,-0.6599697470664978,0.6244820356369019,0.6999093294143677
629,0.47670626640319824,-0.2911021113395691,-0.09412843734025955,-0.20961208641529083,-0.06613188982009888,0.5989409685134888
4140,0.6922767162322998,0.657222330570221,-0.687656044960022,-0.6887232065200806,-0.6545201539993286,0.1933371126651764
4481,0.3251243233680725,0.6544214487075806,0.613288938999176,-0.16230306029319763,0.6570162177085876,0.6708885431289673
1912,0.6981611847877502,0.48533186316490173,-0.32333552837371826,-0.6870258450508118,0.1337006837129593,0.6995387673377991
3706,0.6890103816986084,0.6954855918884277,0.5931775569915771,-0.6752999424934387,0.567722737789154,0.6986639499664307
2662,0.5823286771774292,-0.29823362827301025,0.17650340497493744,-0.52089923620224,0.08627420663833618,0.63592928647995
3148,0.6666785478591919,0.6309967041015625,0.5391602516174316,-0.6646682620048523,0.6286721229553223,0.6967644095420837
5693,0.4498208463191986,0.6364601850509644,0.6980321407318115,-0.5825764536857605,0.691996157169342,0.69948410987854
6257,-0.6877089142799377,-0.6913659572601318,0.06884733587503433,0.6805722713470459,-0.3156037926673889,0.5543031692504883
4341,0.648497998714447,0.5756938457489014,0.6730858087539673,-0.0067251212894916534,0.6711550354957581,0.6993603110313416
4150,0.6993046998977661,0.6476732492446899,-0.6884296536445618,-0.6843020915985107,-0.642686665058136,-0.4018114507198334
6009,0.697151780128479,0.6919382214546204,0.6915909647941589,-0.6220716834068298,0.6918160915374756,0.6998023390769958
2016,0.6989855170249939,0.625777006149292,-0.44542020559310913,-0.6938040852546692,0.2431258112192154,0.6870877742767334
5840,0.5494838953018188,0.6962443590164185,0.6997376084327698,0.5153970122337341,0.6991384029388428,0.699996829032898
4206,0.44090989232063293,0.3622436821460724,0.6380460858345032,-0.48328620195388794,0.6492671370506287,0.6768147945404053
6351,0.6760737299919128,0.6188265681266785,0.6661633253097534,-0.6798862814903259,0.6792396903038025,0.6892802715301514
202,0.35257455706596375,0.5613425374031067,0.6999945044517517,-0.23945245146751404,0.6992290616035461,0.699919581413269
4558,0.3313418924808502,0.5750014185905457,0.6708235740661621,-0.5795406699180603,0.6802170872688293,0.6926083564758301
3291,0.6593692898750305,0.6954028010368347,0.6930621266365051,-0.6640725135803223,0.6844415068626404,0.699996829032898
5360,0.696698784828186,0.3569929003715515,-0.689509928226471,-0.668495774269104,-0.6838843822479248,-0.28840991854667664
4510,0.6958003640174866,-0.696580708026886,-0.6999974250793457,-0.6994128227233887,-0.6999679803848267,0.6982344388961792
3058,-0.011632319539785385,-0.07330596446990967,0.5750553607940674,0.29867318272590637,0.43581339716911316,0.5953041911125183
2433,-0.6537345051765442,-0.6999578475952148,-0.6999363303184509,0.5337878465652466,-0.6999698877334595,0.6999666094779968
3994,-0.5978917479515076,-0.6478488445281982,0.6215190291404724,0.4406338036060333,-0.5269252061843872,0.6439846158027649
2168,0.5542809367179871,0.07342927902936935,-0.28414633870124817,-0.4289349913597107,-0.03425433486700058,0.3311503529548645
6220,0.6927156448364258,0.6965027451515198,-0.5314055681228638,-0.6823549866676331,-0.076949842274189,0.01610185205936432
2154,0.6908354163169861,0.4425896108150482,0.6184023022651672,-0.6508439779281616,0.48935452103614807,0.6999998092651367
5687,0.6997522711753845,0.6246812343597412,-0.6939457654953003,-0.6955997943878174,-0.11129182577133179,-0.6695874333381653
818,0.652656614780426,0.6970985531806946,0.620125949382782,-0.5608667731285095,0.6861979365348816,0.6971336007118225
3311,-0.055662851780653,0.6160290241241455,0.6785925030708313,0.41684210300445557,0.6749276518821716,0.6898060441017151
1407,0.6647813320159912,0.6316844820976257,0.3392464518547058,-0.6414135694503784,0.5865941047668457,0.6427405476570129
2945,0.6818529367446899,0.6473026871681213,-0.2874973714351654,-0.6550939679145813,0.5659611225128174,0.6669350862503052
3146,0.6579965353012085,-0.006131540983915329,-0.6926205158233643,-0.6828413605690002,-0.6945843696594238,0.6752387285232544
